col_0,col_1,col_2,col_3,col_4,anomaly
0.1323039259475748,2.5694953349637246,-0.1149690790072596,4.699159201993753,-1.9539988125947274,0
0.40304662137482394,2.533017138738019,0.2446370684402156,4.492548202711637,-1.4886876710169001,0
0.7960358599605035,2.137977347094,0.7260906405742493,4.176455819411009,-1.2570376651812376,0
1.1948876488331424,1.8355108222326892,0.9549425728760409,3.853875349656015,-0.8879457690781032,0
1.4065587375142703,1.3680736530879998,1.260431017282242,3.188210032704543,-0.8638830018600763,0
1.3532889334519995,0.7977274792754228,1.3737953467434467,2.7233257719755697,-0.5203801197332001,0
1.5682967239568264,0.22457299698583205,1.4392312700894148,2.1676328706445815,-0.5006809474977265,0
1.4620790854707055,-0.6957129902622583,1.4373674755275783,1.5439744618742557,-0.46919397560312914,0
1.3494991648145123,-1.0706137376811284,1.4100094952972833,0.7442247405374913,-0.5776845299499875,0
1.1865647518090618,-1.5636807742158787,1.2254557502463357,0.44739292303262346,-1.0134488946720976,0
0.8924811462757758,-2.1475837795565815,0.9095158198873878,0.01235707562690802,-1.1515923270317476,0
0.6612573420492398,-2.1151930013442897,0.4779501378109827,-0.37157261550472587,-1.498064917017943,0
0.24507767973248065,-2.4600918448814237,0.23627219600545651,-0.4797648784008821,-1.8005878354031166,0
-0.1788742241094943,-2.2848611601575786,-0.13633260035086153,-0.6657231974571949,-2.3335398551341853,0
-0.5188970865711104,-2.423256592449763,-0.5315882887560841,-0.5094156666361718,-2.633974979088145,0
-0.85665230388564,-2.135955001128034,-0.9269494111401417,-0.005706578145088237,-2.8065338256741352,0
-1.0437139336768637,-1.5655284467510135,-1.1026053960111486,0.32297462676375543,-3.1425029307097567,0
-1.372627448481465,-1.2742842742662623,-1.32552918559828,0.934107331059282,-3.438841669305278,0
-1.4499507984692155,-0.4415825876360499,-1.7071951204629674,1.636483047575389,-3.492422178622193,0
-1.5610972730900368,0.16912870282364906,-1.4487061901365792,2.13523505753514,-3.4146696133129693,0
-1.6180590106302861,0.8995006461301308,-1.5701154747573436,2.4212089790837186,-3.564552283390329,0
-1.2174704935949956,1.427197155093129,-1.216724770008669,3.3207352826948804,-3.282349034268692,0
-0.9619879439785695,1.7702368998179006,-1.0383760887748952,3.762291065804275,-3.0440454021398433,0
-0.7782928876830562,2.0535796182633783,-0.6331096350963832,4.161429905819293,-2.7086070550673944,0
-0.20280323394821115,2.63549605548949,-0.38039692158772653,4.533924254393022,-2.3352513707846905,0
-0.10907742559490641,2.4009856224293564,-0.06649606950420747,4.302683726757361,-1.8567243123808959,0
0.37646671954489075,2.2907673331878944,0.36198330590356903,4.451952480810076,-1.585431579670722,0
0.708591722400636,2.0551596926769777,0.8021159832726066,4.387054689098562,-1.3214305988969934,0
1.1417790999699182,1.9620847329956106,1.028789155232653,3.7441786791824705,-0.8788330953860213,0
1.376693795995544,1.2747044618943846,1.2579167512625946,3.398607973220708,-0.7979082416043219,0
1.4382058313699995,0.678329427664792,1.482351288105856,2.893330708308717,-0.5407011934066424,0
1.5254022816125703,0.17418752706120172,1.5128170451396432,2.183255228711045,-0.3851001785093633,0
1.4068469450207746,-0.4943213752839739,1.4729863206555405,1.4459095909942592,-0.44577050780439187,0
1.2086808435822345,-1.1492101615109642,1.4596950838292788,0.8468616447488166,-0.5819276955518817,0
1.1296764529642214,-1.4993110409994164,1.272403416568113,0.49941504484902155,-1.0115954587404494,0
0.8934040511215087,-1.8893780494251187,0.9276773454133627,0.0514761504103487,-1.1258973103591932,0
0.644458630081596,-2.201276526103145,0.5307398926656289,-0.4227497666045319,-1.4918663009641748,0
0.27817833900528666,-2.384421794578545,0.30026817486051793,-0.6273458975813302,-1.71263502929264,0
-0.21704936165205382,-2.42995856189494,-0.09926588354657935,-0.6403875925548186,-2.1249512144861002,0
-0.5748595353201685,-2.546427214715856,-0.4982695416123965,-0.11673473207253116,-2.5326038654097967,0
-0.9603193508187412,-1.813886135140248,-0.9728836219946488,-0.03103562598618126,-2.822094754816118,0
-1.262271209452107,-1.55581132307703,-1.1452194714155868,0.7014685988349525,-3.204491100652086,0
-1.4852108429959054,-0.9884286754626008,-1.413015991801595,1.0049949714711368,-3.3096692404202646,0
-1.3271227214506491,-0.3290829960958847,-1.4853567949596103,1.5864870038899148,-3.466305676407421,0
-1.5352640062737812,0.3361453616835348,-1.4790358229451532,2.1952603598614338,-3.6232806031685185,0
-1.4594403470635688,0.8248422373510207,-1.4190728188359332,2.897436217212042,-3.4007813140931105,0
-1.360451540256767,1.3940102573594482,-1.3021300211902163,3.2188090893169825,-3.2134550359555276,0
-0.9685088822056396,1.7475185338710642,-0.9313491277240393,4.092423207099872,-2.937314565007485,0
-0.8436728497194186,2.1949029190020046,-0.8498403561649378,4.17822898728318,-2.6830763715851966,0
-0.3889903517633284,2.314687745219784,-0.3182710659125597,4.333532891297477,-2.2975320364531058,0
-0.06715999208952375,2.410007433482263,-0.13931124536958842,4.537820125286053,-2.1299245499062436,0
0.40205251808672665,2.309761102532304,0.40172969100154166,4.558000262325428,-1.6549710814664922,0
0.6843201258349076,2.171263713734998,0.6561126866812824,4.064822340636787,-1.2880577686284396,0
0.9382732450838527,1.953558217043529,1.0926934407229734,3.8932802401086617,-0.9979100184641552,0
1.264378221127624,1.7359388341087623,1.272975827553593,3.25001146774918,-0.7401862707092142,0
1.4587096647325124,0.7962299406308547,1.4451627528277429,2.7092582942905548,-0.6167199442126767,0
1.502028884321145,-0.011575337146235536,1.4206691432248937,2.0957909964789008,-0.4477474964142161,0
1.4961162684235165,-0.31033037023227994,1.4243381159682142,1.6269893968464282,-0.6009095400424034,0
1.3096664216729568,-1.1020462134721862,1.3727818832048506,0.79691767961302,-0.6333713254237496,0
1.1285642767146478,-1.6761360486188501,1.1995376086818808,0.4305170393826008,-0.8387436823483045,0
0.8312433448555119,-1.9963113011969886,1.101360096570998,-0.06546971894769404,-1.1075268289828266,0
0.5252203419114743,-2.4795192896651583,0.5689012032597762,-0.4303424869654462,-1.5188924948023652,0
0.12701387919312218,-2.452478857785119,0.2612026647491257,-0.6319772036305045,-1.7070579053021424,0
-0.3174710455213328,-2.491333693686089,-0.3047698952846516,-0.6306477938506942,-2.204959129823047,0
-0.5388798683579866,-2.3121439763686933,-0.6519287186270728,-0.5286657169272275,-2.6601008913905266,0
-0.9118114486543285,-1.9748654541612232,-0.9083399865343427,0.08947841328128914,-2.821580302066432,0
-1.2780347401861385,-1.5851234422166205,-1.2455769413365778,0.37623338029937603,-3.156019722608713,0
-1.3225319095345964,-1.06240596839857,-1.2457606346890506,0.9553832623455989,-3.3645111955233364,0
-1.5414782534217766,-0.43291397158956313,-1.5041972780515582,1.6788203840958935,-3.4806212348468586,0
-1.493144187957697,0.20890137709467616,-1.3933764510129218,2.004461654206841,-3.4673823203476357,0
-1.3719029822794153,0.6436071783979597,-1.3150760888863084,2.654849276522903,-3.4305780026023243,0
-1.2568181699462155,1.1608180801118138,-1.2632834092617538,3.3714064295342174,-3.324504356940106,0
-0.9413656075522854,1.814716812032002,-0.98918567735746,3.594411624543483,-3.1332595719850564,0
-0.8152424476790942,2.011674763867898,-0.7268379716531379,4.118428135985052,-2.699871616207973,0
-0.342859207658965,2.432399336686787,-0.3326520557206908,4.30584626868402,-2.4869003336364885,0
-0.05136075682052459,2.6173433594602886,0.03625063888354178,4.541190305271192,-1.9160219206063358,0
0.3077250445586431,2.4973468618110823,0.3637611088053819,4.368230919526093,-1.6985047413842782,0
0.6792167862952416,2.059745399256475,0.7605032597622858,4.441785360031779,-1.3410905404948656,0
1.0034542189834823,1.7148887620588353,1.1560978795680799,3.9396579900621997,-1.0468218180855182,0
1.270704288920254,1.3806046493225845,1.3199681054813435,3.2329121769130764,-0.8357389368586547,0
1.3391985363839782,0.7223802602956817,1.4510197454657767,2.724128306255264,-0.631360117531957,0
1.5646020791639716,0.11739438694176672,1.5063978067206485,2.1135282347088498,-0.5242318162768309,0
1.5083555590728175,-0.39383997630831713,1.3974803918103889,1.9448685071745089,-0.7011394271095532,0
1.2420223022282362,-1.1878590655948928,1.2801933129183682,0.746776815590046,-0.8261514831093746,0
1.2673887786983533,-1.6437143131106233,1.1800216040247027,0.4318824881788512,-0.89792000538558,0
1.023869566641,-2.1225527954479477,0.7789735441351696,-0.2830965028575636,-1.0520673583770888,0
0.640595296863989,-2.4548324019750494,0.49471225910474637,-0.32530839487137,-1.5453461602179912,0
0.17450548766053028,-2.58742152687009,0.28411320087376657,-0.24155043304756818,-1.8177255809594415,0
-0.26830629695974995,-2.3956039821178923,-0.044432623066748236,-0.5313436822454571,-2.080708089177962,0
-0.47310294950718246,-2.3179636660353253,-0.6771335347868466,-0.18637191203662207,-2.651442472768809,0
-0.9119161494617014,-2.132437564541749,-0.7596791612660941,-0.030806889181515196,-2.91455459090122,0
-1.064086483885003,-1.6224476753208463,-1.1716277359771017,0.35362768602509886,-3.211506300252842,0
-1.3416199553432646,-1.2692991423029543,-1.3583659602263816,0.9040947262190184,-3.290343010049187,0
-1.4001829483567552,-0.5601173874122651,-1.4819367483912387,1.458183882888193,-3.4386404187008948,0
-1.4703126128543271,0.4256731156816955,-1.4159992831154957,2.078719014837057,-3.450715529137298,0
-1.373591786828333,0.7612620047291558,-1.5471605178709673,2.6062681843968125,-3.2393534947357403,0
-1.2657043866989601,1.4310243533262932,-1.2322796174013866,3.5279170785661744,-3.1442812465423415,0
-0.8928803718500957,1.814235521660468,-1.0976859236971341,3.7732870190793477,-3.0342490115198135,0
-0.7131121041997989,2.2342878545148874,-0.6798213714489524,4.22748848895538,-2.7377799077969325,0
-0.3428856284889289,2.5043651640314746,-0.2573251053753026,4.311891421391605,-2.4816967723975143,0
0.14123630227922293,2.361922925309191,-3.129948094265302e-05,4.6396238199269195,-2.128562351557437,0
0.2719529011616004,2.417590870662332,0.401096462195094,4.387263430583099,-1.6306882870610566,0
0.6273441362661425,2.38812484941172,0.7533468945203995,4.179387616627434,-1.3748241486011168,0
1.0995254120048858,1.7229839997968641,0.9668511464177483,3.5937994891415324,-0.9262776839032636,0
1.178507632869461,1.2687620057309634,1.379864839494347,3.3890640138399424,-0.7928870583261893,0
1.5723563633664286,0.7340810762664873,1.5545698929873057,2.998980699039893,-0.6171359801451419,0
1.4660186690854264,0.19060430797031155,1.549673845551185,2.0483416005732917,-0.6194109479370298,0
1.4173717652349762,-0.4028385535085754,1.4789272834936065,1.474268069322879,-0.3683076095905493,0
1.5014612306850572,-0.9060217720603536,1.322598542547457,0.7932612763104374,-0.5858472051242392,0
1.2668084735212655,-1.5311226951881425,1.108783097427502,0.4225852974083222,-0.8974749039165353,0
1.0217448004706995,-2.0302991266621637,1.009990622129706,-0.01453946119901861,-1.1069860941503316,0
0.6201401783976694,-2.167045323519278,0.6582679572316923,-0.236306077033821,-1.3485813228743955,0
0.12340792396734895,-2.392272875518498,0.18322523868723542,-0.41135255993608055,-1.8815870302205664,0
-0.044744978864031434,-2.6672466928183214,-0.3064946400717933,-0.5818512590593947,-2.0450049491435003,0
-0.572287081848371,-2.008645184676128,-0.7645877192701915,-0.2963227085875815,-2.6295999461079766,0
-0.821493648753983,-1.8013023124127734,-0.9629348779585336,-0.06358012427767434,-2.894979989684075,0
-1.084725966580654,-1.6145867522176065,-1.165566393863319,0.2700609034561885,-3.2795482438372225,0
-1.368866335680844,-1.0172094661953652,-1.2521889011158063,0.9196947869669987,-3.5476289131531287,0
-1.4273749233170774,-0.30290844271482753,-1.5223050917723668,2.006754240406582,-3.3976740675528467,0
-1.4278745922749176,0.13545119973617376,-1.4591789334168697,2.4463726280740272,-3.4906124357414026,0
-1.398352859606057,0.8638364597345016,-1.3288462023190968,2.790020810658331,-3.556624347966319,0
-1.3489469475468363,1.477639296643928,-1.2568516644888184,3.556924138448838,-3.3895369786377674,0
-1.0044527958275755,1.6955683300867292,-1.0375042490521929,3.81674864803525,-2.940918553918761,0
-0.6231515689010435,2.1154752184118033,-0.8207877747204664,4.184124407679476,-2.7339251442917747,0
-0.42512742022713434,2.536633952547901,-0.4632204788626144,4.177761429367857,-2.2656765872150384,0
-0.011222590524571816,2.5576018096436037,0.031207472581190242,4.379986804256964,-1.9522559923822738,0
0.34039831436816065,2.5369324728608205,0.357966765757214,4.323520494823267,-1.6319573828192544,0
0.8613252907885275,2.1741956982779405,0.7318203599765745,4.204206579067835,-1.2749447402898038,0
1.0772427656689674,1.7862959171842467,1.0232748302158161,3.824169635410936,-1.0148098646504637,0
1.297051525971106,1.0897370529995696,1.3163026919549217,3.2671991935235076,-0.7261741535548016,0
1.368841068859331,0.6292924326239412,1.3677332185855213,2.698940835995641,-0.5779890992080114,0
1.5374837819892941,0.16285956065558416,1.4718715443736703,2.1362071568722785,-0.4401461569081744,0
1.422855926543729,-0.3653836340187893,1.615644543240518,1.3588702572003957,-0.5388255069876737,0
1.3596278705696045,-0.9980509330957232,1.2972566183200955,0.858971951041245,-0.5809927594108162,0
1.1080814082852677,-1.6095902211251873,1.134651706853676,0.35877879190223894,-0.7751827140281993,0
0.9324103755596989,-2.056513931748704,0.8374738757903186,-0.17866110257147616,-1.10476492603761,0
0.5954311402731315,-2.2972937606408474,0.5855454312075546,-0.36572095137870075,-1.546285796022928,0
0.1723774436781024,-2.470510355649677,0.2646792745296072,-0.5846376487280094,-1.8240359026074693,0
-0.1582993468968352,-2.30471856391873,-0.2253657217404168,-0.3258639542850097,-2.330955448795421,0
-0.634166442181805,-2.3061361184108473,-0.5845429046098685,-0.35491668936301846,-2.6426834506284522,0
-0.9935221978916284,-2.2076982312120332,-0.9026014988364353,-0.046235694469442645,-2.8268965034516853,0
-1.1228154865688478,-1.7526297412507557,-1.1160323304030662,0.45994353900595497,-3.118652904956623,0
-1.3447400665460916,-0.8746033117922276,-1.4126952263872958,1.0051728106924034,-3.3574812445816553,0
-1.4258035183261255,-0.6148483441455681,-1.501627873540878,1.314516487998173,-3.4961133628678405,0
-1.3183042345276115,0.2525384804524752,-1.6749546330058833,2.1098782851848417,-3.5524951636089286,0
-1.3557488129184498,0.7389958940361925,-1.5302156501548547,2.6589134451558536,-3.465045680663369,0
-1.334953555161331,1.31834720070969,-1.2749251699544657,3.321420706923348,-3.194098024457469,0
-0.9430444372858409,1.8056549707074812,-0.9594808459027957,3.755380003403669,-2.9910697145910423,0
-0.8213235669409352,2.34343982004206,-0.7004998274049314,4.210400382966887,-2.8254717481681215,0
-0.40765367610838543,2.3973526742535824,-0.45544246499732965,4.298900497126308,-2.3581208675549408,0
-0.005118120399349548,2.495835089644356,-0.10501921560959787,4.429029094809977,-1.9895027877733864,0
0.5015355348709908,2.2301074656466384,0.386135837714651,4.347562944206281,-1.5033146587493555,0
0.6667738994989436,2.216603014073156,0.5986702379836133,4.326090621418517,-1.4091858700587305,0
0.9648377684936082,1.8888018819257837,1.106765170296801,3.868422025963594,-1.031914056539209,0
1.2591079489211152,1.3694601850292152,1.271284102626786,3.3856780758957,-0.6604861740307442,0
1.3768239029655716,0.9472795185732141,1.3060357625001753,2.736752700836119,-0.6567351423881886,0
1.5815377868003957,0.16387271817080204,1.4245935532292675,2.1088865673115786,-0.32403828493190945,0
1.3924360129657756,-0.4310811044494411,1.419107527150698,1.6016720745978863,-0.614989940566089,0
1.271180429768196,-0.8583852276291621,1.2992511404322706,1.0327310128115386,-0.6405752604095372,0
1.1229333608078513,-1.7873117480414926,1.0440248885470722,0.40833337383188106,-0.8022640689896912,0
0.8443254446367887,-2.079520654412287,0.8160781892895481,0.12016350724714653,-1.05224433587167,0
0.6969017330632852,-2.146171370718224,0.5008567123164793,-0.165171836281234,-1.3941725346163603,0
0.2592064108658845,-2.3632706097473104,0.1346534186756695,-0.6883740082098102,-1.8466559648749656,0
-0.1814335072425689,-2.3954892409311355,-0.10340310347645468,-0.4264893926883131,-2.119509324923246,0
-0.6440944929392793,-2.220359872287569,-0.5443247438149756,-0.32976645578200836,-2.608785765611844,0
-0.8183506552086004,-1.9816592097972328,-0.9561721697465329,0.025993615808669768,-2.9218011641384285,0
-1.2307860152179049,-1.3896102959301826,-1.1808664846102468,0.5459370916316262,-3.121521679575581,0
-1.473098410957352,-1.0172283326963358,-1.4232073609973848,0.8204845007008943,-3.244022306854831,0
-1.384328641666611,-0.43846989822739885,-1.4959313755189152,1.329012450732871,-3.490543718898805,0
-1.4732693967480437,0.17684613308898825,-1.4313769061568036,2.2952502329296633,-3.5638157075690455,0
-1.3575203626591663,0.7966504803811798,-1.4076644658968185,2.6477319053210797,-3.3358518813942357,0
-1.242587314282293,1.1949398273455163,-1.0950717996384145,3.2537895482073704,-3.3613518906904654,0
-0.9625583630003285,1.9187557003614515,-0.9986261019604693,3.84799918023099,-2.8889570472152792,0
-0.7714574306500823,2.174461733386744,-0.7911500994008543,4.105003972464491,-2.7964367127869383,0
-0.4506030438811175,2.6491972900541283,-0.312304275936199,4.222431574282128,-2.3249636972356855,0
0.05111958887113011,2.4905436911764474,0.08099484128569827,4.504273720926966,-1.9304981580856513,0
0.31277910593424985,2.474072688343533,0.4550973551055837,4.323772320451344,-1.5680876151680003,0
0.6709142778213112,2.221591973392323,0.6405624396749443,4.265499184843439,-1.260344291024426,0
0.9926557211292335,1.7442269391648701,1.0157478528044215,3.759161999043695,-0.9694646247168666,0
1.2678028251799016,1.4635840910123055,1.3513777850151563,3.2535112201073924,-0.8574966493515519,0
1.4000352310987216,1.010675441007358,1.3002301025271872,2.7462924185485798,-0.6319766983856918,0
1.3939187456360562,0.15512914636579309,1.4595838355657549,2.2884954834281075,-0.4486115558059238,0
1.4251594958805653,-0.5060131346624954,1.366410549686008,1.6450347237403928,-0.4768164364106624,0
1.1904853422821966,-1.1088268202946059,1.2872978114567526,0.798898498279851,-0.7206005192217941,0
1.2026622229907233,-1.8301052110363913,1.0798355777078987,0.7564034817641412,-0.8182067093441847,0
0.7615235542681971,-2.0447691289002528,0.9754706158794608,-0.06326452651050474,-1.0994197974170374,0
0.46935807856987777,-2.2930664502195914,0.5345964764088553,-0.4684931808405697,-1.3164942577889935,0
0.19191223129102586,-2.34844201263866,0.12324818174581907,-0.3692577545300981,-1.8433802366337688,0
-0.24346707507580637,-2.3602807856424532,-0.26567028020029493,-0.5254958104554879,-2.2269891454566815,0
-0.4364607343715112,-2.3765036000252153,-0.5415617916616515,-0.055226276240672334,-2.621445051651478,0
-0.9786421466679747,-2.057145360284097,-0.8825130504892662,0.08338355849783086,-2.956623763750171,0
-1.1357410489624988,-1.4530718111699121,-1.0549642860631805,0.38160004483968724,-3.1276487370466057,0
-1.360186790066093,-1.0861312160467862,-1.3197393265097332,1.1324651308038494,-3.4100661641299546,0
-1.5610378884236231,-0.5322069789337613,-1.580815709447911,1.6376861149694963,-3.3928280867452703,0
-1.4577943431025258,0.33104110500256634,-1.5442136457117523,2.003364399206421,-3.5440875222409995,0
-1.4394507492843966,0.9022406943187102,-1.3463293360374047,2.8835917496339314,-3.3115350988024717,0
-1.2086075969119947,1.3419159614192817,-1.313073090580623,3.275006057203943,-3.2351624789087863,0
-0.9650578473457505,1.7481993875811994,-0.8967277457737521,3.8120057828976988,-3.0074418869130417,0
-0.56038781495652,1.9392816602040712,-0.8050022185019278,4.207148506261843,-2.8089126533650814,0
-0.2727952345395535,2.4951708535184176,-0.33008882926922367,4.311570901288295,-2.3483512667823576,0
-0.027688637845675552,2.3879537846809775,-0.06459116650489038,4.333332215138663,-1.9965858517607353,0
0.3550813924290931,2.176116401678981,0.3348151957763108,4.467430904186612,-1.5795589739994926,0
0.8051049808441094,2.3888692660282835,0.8050241347699119,4.017237512775924,-1.3156830362168037,0
1.0759654386972288,1.9034175424297635,1.0172906216801452,3.5005212402073687,-1.0822015818299398,0
1.3145017527103415,1.1971909633078721,1.3275008066365803,3.235053786901064,-0.71286649183061,0
1.3053130711194203,0.620742313067449,1.4620815690613427,2.813929038623406,-0.5629311820548255,0
1.4952156333124875,0.26584652159472677,1.5535800189095803,2.123241157127029,-0.48466798031763636,0
1.4180785579026058,-0.5781996135313008,1.4068167602616188,1.6899380811131919,-0.45114536172121644,0
1.3782349236272715,-0.902429495471698,1.3406224988337287,0.9585209580162777,-0.7132324687606437,0
1.1484085849404626,-1.5165025602934534,1.1875888105212498,0.31065131913489186,-1.0228613961634454,0
0.949941296545648,-1.9554679208665229,0.8179974129866789,-0.07749042974731246,-1.0826950963852762,0
0.5759781951663595,-2.2738542827688444,0.6743993322694365,-0.504008884629279,-1.4173697319577554,0
0.24697444750462633,-2.4563553942832064,0.129707747184818,-0.34456210019795375,-1.8477793725900096,0
-0.22298128260165326,-2.3702228533890555,-0.21050011861679213,-0.6529242640465638,-2.175204985229166,0
-0.6230202982208848,-2.38120126003508,-0.6276787588865838,-0.439492168735538,-2.6307703897564085,0
-0.9124316054289068,-2.011798489258063,-1.0424259833316174,-0.042578263490939516,-3.0396426693384555,0
-1.1570463952032952,-1.499566650912068,-1.0210009749705675,0.4067341836896352,-3.282738222792608,0
-1.3288041985323997,-0.9940745140894108,-1.3725659989667593,0.7477204756485996,-3.354063493208254,0
-1.3039827047912194,-0.6178266371228923,-1.5070244889741988,1.4183547391332532,-3.3697275949835044,0
-1.5002093790169555,0.09442509041024863,-1.5119437222677172,2.1901063741031965,-3.526253971765289,0
-1.4982806494796863,0.8041429241147746,-1.3200949765279955,2.9137579058120044,-3.3655394311801787,0
-1.2924405214304737,1.2885651488175118,-1.338874883857851,3.383192432708771,-3.3110667861136127,0
-1.0615903569914877,2.0442538886751995,-0.9758530689606495,3.819195348354676,-3.0309785856089584,0
-0.6865194006195624,2.141622550765396,-0.7544146297937828,3.9954656083758935,-2.6628884568631794,0
-0.4885946068306199,2.4011805968744953,-0.41778514491264623,4.3442901095025706,-2.3630463393640766,0
0.00474464956503223,2.5961787722721628,0.042529365939021034,4.565186780163882,-2.0406258761525127,0
0.3847728210946904,2.46277449572594,0.44715287377798946,4.556576236553436,-1.6918628465170258,0
0.7400440888675963,2.17260739295906,0.6840877898815819,4.301938688629063,-1.2843090982167045,0
0.9820219537206315,1.7278598774434342,0.9691569719174231,3.8396805241092284,-0.8845216841494905,0
1.2486477585228273,1.377256244622074,1.1788097072038757,3.4901420457786254,-0.8513072062731579,0
1.3197802062690427,0.9024295409846561,1.5093475569473607,3.1327250750828526,-0.5089654184427679,0
1.4600411013902432,0.21686320183555347,1.4538958930319488,2.082743559400439,-0.4816863828977582,0
1.4327162653917784,-0.5657262266463318,1.3347460715473736,1.4361572391175539,-0.5992525439245224,0
1.3884443321686357,-0.847351359290594,1.46298698907874,1.1253621368097824,-0.6441374509850479,0
1.0690561817770345,-1.774382210626223,1.0530304015172072,0.43587309130144125,-0.8595327943411872,0
0.9402677360669535,-2.220378191162724,0.9401374182831335,-0.008504024883967176,-1.1894026489277052,0
0.6642731698638649,-2.204371561663478,0.5659439775270766,-0.27539442376324086,-1.488270804212014,0
0.032750973470438524,-2.452056693460859,0.20959350776259933,-0.5620975664343155,-1.9062216972125632,0
-0.15603044553809955,-2.5489740715741993,-0.23182799599480627,-0.6096361638800181,-2.343364119402254,0
-0.5014187263997572,-2.461762555665039,-0.5247674695101778,-0.4215846534141616,-2.5408440962025307,0
-0.9294856553551327,-1.7324425060273243,-1.0067613704050333,0.13320079616651515,-2.8033411696849053,0
-1.185565250238347,-1.5789236153522879,-1.111667033008201,0.22685994254270936,-3.0332686845655896,0
-1.367206622018052,-0.9976730825569559,-1.2404648255841184,0.9978836017933914,-3.4405939697882224,0
-1.4957651920481627,-0.4287176493095378,-1.4071288362860586,1.461835781032501,-3.3123784887082586,0
-1.5202160653209411,0.21132729353969348,-1.6485055990464108,2.1128054377338805,-3.3825670876542535,0
-1.5522850599174765,0.8400542935029804,-1.5004004496131915,2.8654113580134215,-3.319824146888682,0
-1.180067020894286,1.431119988666858,-1.2805765074011304,3.4450656016172356,-3.3254168676955413,0
-0.9458492644902693,1.775518768458448,-0.990300361022536,3.865293635786899,-3.06898953077414,0
-0.7836328305928876,2.154311451815679,-0.7306294616770892,3.956626742313909,-2.8680073174950307,0
-0.48301665533246185,2.203830051776719,-0.4100259097805607,4.617828491406056,-2.35869788799278,0
0.03907986573396388,2.4024619491873076,0.044647523076928944,4.663774564649945,-2.0295202192941604,0
0.32985073301130685,2.4553470023774153,0.46034621321415936,4.432887506970469,-1.6148308676488403,0
0.7332769984016336,2.321394622047493,0.7052084606135804,4.1920489272295836,-1.3399583414955265,0
1.0028710276071513,1.897301509350551,1.0814903989469264,4.047602719631048,-0.9227140559962972,0
1.3183572945832913,1.2969804444627375,1.0730630823638168,3.457970021359195,-0.70776900352579,0
1.478690960216933,0.6146458719267134,1.3562715704845778,2.7688806854904926,-0.6592244565338465,0
1.4426202892576387,-0.19019359435515362,1.472945672363057,2.1204339643418826,-0.506401503270939,0
1.3696785794384034,-0.324486539616716,1.4367884095364358,1.5073545746593058,-0.505217786333028,0
1.238520198898898,-1.138101852226451,1.3822004450043632,1.0827057778869635,-0.492126304585103,0
1.2015483175967252,-1.6496181001472296,1.2318011552260544,0.5364389987166138,-0.8370465723038898,0
0.7925134341049105,-2.006095739948856,0.9196780553908418,-0.22422036237471543,-1.188852796347865,0
0.514175602454601,-2.5001362206446243,0.5055199186453735,-0.2663609148623798,-1.4715328998559147,0
0.14327629746265516,-2.5240095258001394,0.0737922435586293,-0.37227158686399653,-1.8143419095939881,0
-0.1919423975666833,-2.2273527595649454,-0.14622754130305082,-0.6685946490326566,-2.1980194969942346,0
-0.6974078144655133,-2.261267847398455,-0.6900500845022761,-0.3248118086504137,-2.690297221003469,0
-0.8675194836791781,-1.97763634137318,-0.8327000821832331,-0.24467293673442692,-2.9065461455798043,0
-1.1164780373761212,-1.791371784119438,-1.1699035453234419,0.42262663012095514,-3.2077680312605477,0
-1.3506089221706807,-0.7839979920898478,-1.4454282027943974,0.6751474583482036,-3.3767790507914053,0
-1.4967473389704185,-0.6463026500426039,-1.4518865776580236,1.4463285230721992,-3.3143586956918627,0
-1.4897350801722486,0.39726689325383024,-1.4972558003418326,2.0805930595113886,-3.5594618881959983,0
-1.396656298519722,0.5081604840388864,-1.4293295714114502,2.6839362584195365,-3.318739199135221,0
-1.4744363449850133,1.5152376672880654,-1.2728086354925692,3.521007989569334,-3.1794455274272524,0
-0.8801272357742214,2.024678352178572,-0.9953563507610628,3.8893603897709315,-2.9755583224698556,0
-0.6933735119509689,2.0877155599436885,-0.6532979595056752,4.140820592569243,-2.7223972297747165,0
-0.42196547442630017,2.4742804493556916,-0.33578869086098484,4.304823172709819,-2.3239553241804574,0
-0.029321503139063468,2.5684350715130835,0.07590998923667984,4.470152960394346,-2.0337439833658744,0
0.41006546404847566,2.3197335924176627,0.36972435183370106,4.292818781784161,-1.6679496041086388,0
0.7139227157249974,2.0096269987675406,0.8440149604699732,4.3124017006283655,-1.3334591142580647,0
0.8745193238094211,1.657706900660933,1.06965389555277,4.072017318747002,-0.9526367217859302,0
1.4213288528549706,1.4071930149424705,1.2257148360268133,3.471216974707758,-0.7492409053951699,0
1.4182942251502937,0.7619030356224494,1.3445426451876488,2.814003779130519,-0.5913841055071671,0
1.5735530460210931,0.08643866966048833,1.5124748529224643,2.136272700911615,-0.3964427464039848,0
1.4215271375092013,-0.34760728506852523,1.3754417618738355,1.4809084273529847,-0.5794252622906539,0
1.4724688577674596,-1.0009397402387632,1.2842373811322685,1.1537123426732514,-0.587607054151742,0
1.1772456408305993,-1.6879928151674397,1.1737013951916984,0.3344480746880727,-0.8833747071219822,0
0.9273411660243631,-2.172692675814549,0.8360863199675579,0.17259483367459372,-1.2377367484935575,0
0.4737928265659913,-2.2590334973846216,0.4821881110099937,-0.46588361997315,-1.554759454561016,0
0.2788357470726568,-2.5474846743559527,0.18541422188982434,-0.5173157100859713,-1.8488665776022857,0
-0.13626348800634724,-2.4678861454697567,-0.18254900791367215,-0.6945438273762927,-2.1407789886185484,0
-0.45454836180964003,-2.127403843142165,-0.5676243809184203,-0.30453693956709493,-2.5040528494522905,0
-0.9287844454118246,-1.9597514559280254,-0.9099938973681528,-0.18050843867189847,-2.899729414889264,0
-1.1918468980482526,-1.7013433493408598,-1.0916716595102596,0.6145712014771001,-3.1093882359995595,0
-1.184446826372739,-1.0443655801851908,-1.3315585273525228,0.9870858050449716,-3.351520845443353,0
-1.5529320627971512,-0.5875339055662178,-1.4901878345076374,1.5987213068953081,-3.493042650035889,0
-1.5072363201932808,0.35804156831688805,-1.3122159476287545,2.1923111049688937,-3.4329352476569786,0
-1.3413179222475264,0.702345142236976,-1.4120473941730975,2.6359748841384865,-3.3374927319157424,0
-1.2591625156744062,1.3654758308191997,-1.1815915032272208,3.355081773414226,-3.1902898338081176,0
-0.9830991329115346,1.86088814038846,-1.0688942341279133,4.052056654536999,-3.04983613096718,0
-0.7525891883472886,2.2106730086563715,-0.8248510821931736,4.191836065860448,-2.6800524390632123,0
-0.3452806391587205,2.1766392834295094,-0.4324165694205442,4.294330877618475,-2.5327282561121427,0
-0.09798951388015315,2.319197367002084,-0.020100733754862807,4.2684571679131205,-1.985369980795012,0
0.49739463171866055,2.3649141183754354,0.3357892150175827,4.332292029022562,-1.5998899918225593,0
0.7137682077679413,2.2306956792760904,0.8228594748267934,3.9704880879170394,-1.2659713489257316,0
0.9758072935932768,1.8051991667677956,1.0178175747358325,3.926236239683842,-0.989849795853589,0
1.3164706194054205,1.2199235533036026,1.3011020540611127,3.4372128957202603,-0.6356501227780536,0
1.392030790388591,0.6039894460471461,1.4230986877402656,2.66308225753479,-0.5804080531128439,0
1.396970707287201,0.1067816057608588,1.46452351768742,2.233723962381955,-0.5134252525190526,0
1.372427063158216,-0.52701279204928,1.4762805771020462,1.4594898819160627,-0.544639379895653,0
1.4092735651507895,-1.0003436717135865,1.4857944389318343,0.9298499857404614,-0.5652015178521905,0
1.1438018563027152,-1.634349782141511,1.0981737197834243,0.4529344695739008,-0.8661646076205403,0
0.8716502614635804,-1.947204028883698,0.9392021622306796,-0.07803748706730085,-1.1808983241602793,0
0.6330176144752231,-2.398772435935688,0.4752362851550697,-0.27216579613899805,-1.4559700615935156,0
0.10348791468968822,-2.512281461937981,0.15352786717623607,-0.6910027595946411,-1.6839216178128997,0
-0.24280068181132847,-2.5237925507415198,-0.1877311098998728,-0.4656023797876965,-2.2105513089616804,0
-0.5810528147156202,-2.422237085583385,-0.5277086972975003,-0.3288102175190901,-2.506003956459373,0
-0.874601509239934,-1.9444026538831463,-0.7704432313406786,-0.27834162796837614,-2.9025361838499126,0
-1.1589327230104798,-1.6952594740085327,-1.1595260622735264,0.1802287515368446,-3.1765258752666794,0
-1.3787571181282732,-1.1296534176590065,-1.4205117491892245,0.703111320383955,-3.3993036824817273,0
-1.4780528562502064,-0.4775932422078369,-1.424677728114225,1.5833350677761817,-3.5646536805439393,0
-1.5050879883642456,-0.005196158171313289,-1.5243528283110894,2.1724712521822367,-3.5052737147731663,0
-1.4805551035841162,0.7319256161472987,-1.408683656622844,2.8067871830841162,-3.372700592999946,0
-1.3274663623945706,1.2506536924796632,-1.275208571218346,3.1737696758839915,-3.148277415985365,0
-1.0062319320637285,1.7739022944932614,-1.1725799227395357,3.9647932948868263,-2.9936804466740075,0
-0.7894491423772285,2.1832756997757805,-0.684508072233016,4.313621852586841,-2.7838950920259715,0
-0.45983647518658843,2.3214686999289977,-0.329282230235677,4.325587523443665,-2.317121985753997,0
-0.023421918834421115,2.4724905275224556,0.06949535762315129,4.6470075345567246,-1.9659478119606155,0
0.3612098045349996,2.585041496865599,0.508069537931803,4.390092603223931,-1.5220879299322285,0
0.89188477344994,2.1875418803278466,0.6329977281428136,3.9687410721084038,-1.1206487046476568,0
0.973968138203815,1.9655793401809323,1.0655587172141645,3.6183347227846676,-0.8820837594659152,0
1.3372364426257333,1.3828787926983406,1.2971890130010926,3.431282423429371,-0.7629649766540694,0
1.482623899508083,0.8693125621646944,1.3951536249821488,2.75953638460372,-0.5853574413348022,0
1.407869221002128,0.0601689277269064,1.5268230603761417,2.267129417130001,-0.4161143676520944,0
1.5314248493982257,-0.4553398908286424,1.5109043977264283,1.520500072944117,-0.5646461091022124,0
1.2684495306845263,-1.0477091135857624,1.2658392914507353,0.9690106327574006,-0.6532956811335506,0
0.9563319463139233,-1.6701381917311013,1.1742365712594112,0.6718808285007873,-0.7966546177819254,0
0.9271518427656585,-2.1253960264741596,0.8128290554883588,0.15206365001655087,-1.0380266674672116,0
0.4204950352691847,-2.510724388209043,0.5032975915322193,-0.3785446232969316,-1.4310948632813445,0
0.22181993498189853,-2.2932692986672407,0.05489398920730616,-0.43341566269830434,-2.0289391363034803,0
-0.23930066767674693,-2.601837114455257,-0.2235019197591416,-0.41848107290347114,-2.1625474029953664,0
-0.4277205193127739,-2.156163580567843,-0.5674546293875251,-0.22926731878361695,-2.575590518676923,0
-0.8015396734900222,-2.0809791326445843,-0.8404386133914936,-0.013666385288849003,-2.9548719532233383,0
-1.189773799452547,-1.7013716368372978,-1.1557023696633597,0.3447485443164142,-3.153960101704629,0
-1.4088283995261857,-0.9866333363745388,-1.4729121900090103,0.9350989189327739,-3.273205767459606,0
-1.564486681325094,-0.5473522791826525,-1.408769771826715,1.4715108248509077,-3.5581716682975717,0
-1.5301092900643511,0.22803366368883093,-1.505934089408664,2.3673972089782707,-3.377795868287611,0
-1.4476114365815669,0.7309410153308511,-1.3899569801605045,2.9276332657917927,-3.353180016888541,0
-1.2938439040823972,1.3996200494622197,-1.1940466793685434,3.314115110087573,-3.1964296163692936,0
-1.0150678697476048,1.701398310565142,-0.9201253027203545,3.875958101140257,-3.0879238034588052,0
-0.6792413988229078,2.2946855823577543,-0.5755384869501975,4.1700842920801975,-2.7414736946909626,0
-0.34681074647279697,2.482454488154452,-0.3784527376476602,4.570613044817603,-2.4017474461241006,0
-0.05731079429296705,2.3850436637421675,0.023334333457040186,4.631110064552249,-1.9999744281549576,0
0.2652004702121774,2.7518248679484145,0.2921577489360373,4.492534256910433,-1.631630529302197,0
0.8249703997602686,2.258282078409711,0.802250523905228,4.299674733811465,-1.3011706549088438,0
0.9751119700517947,2.1087299523698353,0.9379541005501574,3.904992919558715,-0.9865238920660568,0
1.2175698682579001,1.5396004647910757,1.131098011605745,3.4863247191735183,-0.7493796355190618,0
1.3874955760201486,0.7489381384101369,1.4888637248432612,2.8389339076035096,-0.5533539358278756,0
1.3588098763806589,0.1054423294977101,1.4579128532713215,2.1759638649625934,-0.6268461850122251,0
1.4375828257899963,-0.5188856843919136,1.5317514221937008,1.4593935105857818,-0.49007574774490514,0
1.3212663926484338,-1.2932017977161565,1.3878461773999924,0.7390829289006722,-0.5154640439222495,0
1.2022967365394495,-1.6805393642904138,1.0335196653369076,0.40295897806494074,-0.7637925722900327,0
0.934062164621747,-1.991696732939888,0.6777019261145006,-0.11517442761290031,-1.1892644135456025,0
0.5524696457084743,-2.133696519610036,0.46994169799505014,-0.3169400813509968,-1.3694675691947191,0
0.2578884784050175,-2.576883238658472,0.18923671187000957,-0.3377257002628107,-1.6402780607086271,0
-0.16250247656137123,-2.370029678365816,-0.27963307544857374,-0.4586836688561484,-2.2061915698091354,0
-0.5533629873972155,-2.481015382408539,-0.6011439377281773,-0.37631642360932727,-2.4981094349300568,0
-0.8696082658163473,-2.095832489088755,-0.9910984332335133,-0.1291835640450687,-2.7092243484402445,0
-1.1700688761822908,-1.6507650486579108,-1.1430290171789166,0.2276731247002881,-3.078497692094159,0
-1.3868542922515386,-1.0179718437254934,-1.3504286341713054,1.1021524380070058,-3.2409365336088425,0
-1.49351089136008,-0.411289580624212,-1.5095353228966053,1.3094603361695305,-3.5555727927561875,0
-1.5816409425026579,0.2772690169250711,-1.3922601950438769,2.0401284205443955,-3.47936852829484,0
-1.4055516465440032,0.8688971059880108,-1.3142561473937582,2.4833922442252603,-3.3971870917448417,0
-1.3409761590727338,1.3699630143728223,-1.2240968480627816,3.300049290478796,-3.2241703535560475,0
-0.9636983140875018,1.8712171864921199,-1.1618034975030305,3.779635998583469,-2.9676075929125925,0
-0.7413399046646358,2.3893330364968577,-0.8054822721929853,4.14022989753098,-2.710917381858065,0
-0.36932270712351833,2.3575921301675478,-0.3425000559160315,4.413566665324531,-2.4714643909480865,0
0.037037758221076876,2.596841039883395,-0.04714181851833908,4.39734186569778,-1.9200295689029507,0
0.42128341562700466,2.195439912009295,0.33650297336889834,4.307250947760485,-1.5985506446038567,0
0.6048337555050647,2.2421834804718594,0.7900530657466781,4.417995001767293,-1.3657657360674158,0
1.0113028831807342,1.7620153757436419,1.0651362705349634,3.780663700008109,-0.9162546545449057,0
1.3325053066590795,1.3398883852514352,1.365053470789067,3.453024315565842,-0.6920346108120585,0
1.2992268379853162,0.9025532665690565,1.3943940771942493,2.6679461056057203,-0.5331376344816656,0
1.5260861282970377,0.17755677501406056,1.6001819991759256,2.3585673731672716,-0.5244725479721839,0
1.3042635588878668,-0.3578048438132144,1.4318710325616943,1.7208194799116443,-0.40398870053797653,0
1.280552565426355,-0.880227627020395,1.4697024404594325,0.9644291063644639,-0.5999174239753329,0
1.1586671555516934,-1.5449232282635184,1.1637074624349375,0.26899857650708103,-0.9034766903469851,0
0.7574242457645592,-1.8761623528598124,0.8171396474054851,-0.011667312721415968,-1.2340289670941202,0
0.478273523700703,-2.3652613369305313,0.4298453659529993,-0.31852815221549813,-1.5053630846823194,0
0.07761222478668667,-2.4813129885698966,0.1653894267318287,-0.45033376402500735,-1.9897218966512105,0
-0.06438973043088794,-2.545614180336005,-0.20721730269611283,-0.6025643303111541,-2.2075418386499894,0
-0.5398697473654834,-2.194069015389821,-0.4878621857678495,-0.5148162317430294,-2.542515050232634,0
-0.839131107599772,-1.970781066713154,-0.8899721661493379,-0.002247106264599008,-2.9722528610428967,0
-1.172470496702329,-1.6569642821085726,-1.1882022625570756,0.4051536110865779,-3.1966781334763525,0
-1.3837479598558238,-1.045114624706873,-1.2764627682279688,0.9358111488272562,-3.2407443799381768,0
-1.5946664402418622,-0.33825723786197387,-1.490292868188296,1.6598967858920743,-3.46538402591856,0
-1.5189278948484968,0.15206779994355096,-1.5402582288594244,1.9725812384443744,-3.381889326839797,0
-1.4836966903286006,0.6539258845811557,-1.3834891056457859,2.898879200435852,-3.4404561307223065,0
-1.202147593931096,1.3560559569209218,-1.3032290046665662,3.2466635449453305,-3.2797505917525083,0
-0.9412380188937145,1.5748508696699122,-0.9774104982661691,3.773018810322272,-3.1917647122926116,0
-0.612637107484511,2.286863030659592,-0.767399294536314,4.087544279703248,-2.6679338551123593,0
-0.30909343528767275,2.3687919544060003,-0.3897567694700437,4.432660385051491,-2.2904929627436132,0
-0.04489904526920852,2.441336157965112,0.011413273169135414,4.26177276565001,-2.025677603288977,0
0.28934255680026544,2.530919862669011,0.34497535672747215,4.350447187785673,-1.6502379861524605,0
0.7801302497759641,2.020121340456504,0.7216216509507785,4.126297131948981,-1.2163917604978702,0
1.0535426202034612,2.0658088989060635,1.0879810565860442,3.980412843848918,-1.0284016228491137,0
1.133851504452249,1.279536732230204,1.2972870226020299,3.358404255420884,-0.7921824356725793,0
1.4532459088985143,0.7071361180142492,1.4626575131953286,2.859482274874399,-0.5496328630950249,0
1.5581290793289972,0.28462939171917456,1.4493828097459625,2.157718650621592,-0.5484287584564538,0
1.4778502952816552,-0.37986637732550893,1.5373931087136103,1.4004341671028484,-0.4807397826009936,0
1.3433615533733294,-0.7580445140282944,1.4074577542372113,1.048952379610227,-0.7117826349446781,0
1.095196227592446,-1.6199607223256864,1.2311013035832947,0.3007598578698074,-0.7310169669014979,0
0.7731877759714432,-2.037593315770435,0.8272004410247398,-0.08832290353397854,-1.0690873452421636,0
0.6122091752275067,-2.5093557122160433,0.5392524342758954,-0.3016787423694409,-1.4428743325404843,0
0.16481626698856727,-2.5217995379548004,0.23551489303097545,-0.36209440460530873,-1.877522447094501,0
-0.20550984996224209,-2.5704656652326623,-0.23366098415275,-0.5054598211965358,-2.2673313928369017,0
-0.42223274000808825,-2.380537091358812,-0.5691460142593199,-0.13562562322271488,-2.6194796063282166,0
-0.8303402954242741,-2.2405659555066086,-0.7372424481292488,-0.09397728781887693,-2.9890931258739863,0
-1.1279579890676028,-1.385984029384907,-1.0093877882435993,0.48963868649760744,-3.0552375903153632,0
-1.3465859433099867,-1.2415236642158864,-1.2642450374619774,0.9360038087061566,-3.3315849657682715,0
-1.3594312615356,-0.8187286362632786,-1.4030369908743001,1.7248806933122378,-3.393133751310545,0
-1.3680708945861917,0.00842324612543478,-1.5734839288552913,2.183777050480935,-3.3666102149884365,0
-1.3568718910817612,0.6970625418378738,-1.3881426070857665,2.5378783836803804,-3.328589322683463,0
-1.2228250438981714,1.1958727295403702,-1.293425632882957,3.4756088886736984,-3.2327706288908806,0
-1.183915889233486,1.959709511145105,-1.1062135512134277,3.8122280043859753,-3.0576494423304545,0
-0.7133513675850524,2.1735368027851543,-0.7608059490469143,4.121633961226118,-2.6664330445271003,0
-0.38279285231180366,2.4246311033723877,-0.36435995019379985,4.574328498061686,-2.357199498063336,0
0.007046492203922066,2.5762989705381765,-0.041051668072395575,4.458586420496312,-2.019548835552244,0
0.4437632872964732,2.4572094686938417,0.3317248738192713,4.496456245716869,-1.6656050470742518,0
0.5171547236133562,2.3130876122904143,0.7820336235342962,4.094718785197449,-1.1964282306180096,0
0.9841222548827677,1.683736874349013,1.037628645277274,3.7179053027000326,-0.8623696321079883,0
1.2867347148735888,1.2711272248625385,1.2840012442277056,3.565889707520419,-0.754141266031235,0
1.3915713584887777,0.855788379196037,1.4349752042099573,2.674163393779509,-0.6061908040200297,0
1.3907721341579387,-0.15984300893726672,1.4463623568895343,2.0838799317710786,-0.45059717695210266,0
1.5386031376102907,-0.6403513463789843,1.3706379822459795,1.3180066145522105,-0.5742073537971841,0
1.3780059716374853,-1.0018241998902013,1.3805329319805615,1.1392995515882833,-0.5974836697791932,0
1.0829370213803433,-1.6535911037460982,1.1177421167542714,0.45618981604015496,-0.7139604153954899,0
0.9052891687773931,-1.9055290421736606,0.7308692082947654,0.007179968244201973,-1.1496597042683852,0
0.6138057574307496,-2.2232936776139844,0.5227442846796285,-0.20254891339830117,-1.445974678557655,0
0.18839679881890845,-2.630048363310075,0.10608350474590962,-0.646453824452978,-1.6627731688399086,0
-0.12795749008912943,-2.429454617352835,-0.13560108277337257,-0.5479176010261542,-2.215987473820152,0
-0.5463173158899082,-2.1742289827621795,-0.5130649369840072,-0.3358709311268071,-2.5416090741608914,0
-0.9113200521377982,-2.0041131857309824,-0.8444108925758365,-0.21610136727841178,-2.9523140390194724,0
-1.2427264028936853,-1.7157430840274415,-1.2056479855255937,0.570368416422036,-3.2084824588811864,0
-1.363685386221905,-0.9545244861734945,-1.3023742100593725,0.9332481398131633,-3.4606533515900844,0
-1.4588589057396018,-0.3890252206450484,-1.4494571423579792,1.4911356340037645,-3.2540371572877356,0
-1.431352635523357,0.22480264676064343,-1.5277791830253935,2.1865044850193294,-3.454158693301615,0
-1.4352178345792712,0.8620348476169991,-1.4605850818531179,2.6784697003952753,-3.4300254406329818,0
-1.2321857177864475,0.9652403799190421,-1.199538776787494,3.3452061129241155,-3.345771710113534,0
-1.0991665599230627,1.9325387636886502,-1.0623409631653076,4.25086388692884,-3.1636726386343934,0
-0.7813276978396206,2.4167831764320464,-0.6998562756380854,4.2663519538904,-2.704500139530616,0
-0.3813140281742824,2.4760377121502466,-0.2954880567363071,4.629996785275876,-2.383921217180897,0
-0.07909713479886134,2.524091124562466,0.14320069691679788,4.45561460969301,-1.9623505502106753,0
0.4345534185466454,2.5085127369955025,0.4978253150801241,4.327511779055206,-1.5750405061715578,0
0.7573652858514777,2.23304488432029,0.7901922184682593,4.229479648781108,-1.2014488606406373,0
1.047752841222473,1.9038942262660965,0.913877307525185,3.654708450625515,-0.9763426245607025,0
1.2919096976442217,1.3397508624781593,1.214813256046678,3.051197266766759,-0.6868573268897722,0
1.5781630415540913,0.6767043791202497,1.3854782353822914,2.8639915490651298,-0.6039804351724114,0
1.4618752785448978,0.03143595979645372,1.6210263300848065,2.237143566944809,-0.5668183872536967,0
1.3083227796804913,-0.593227252493294,1.4209820305201264,1.6357781162548228,-0.5519328690632326,0
1.372188093466256,-1.236078547781572,1.3862030569813988,0.9390730052360396,-0.5850868407662846,0
1.1519745985915482,-1.727027725749134,1.1633348939079717,0.6537366131132121,-0.7987428106966192,0
0.8428639502504176,-1.8023842200099,0.8115433377308822,-0.03345850931958472,-1.1192681072363653,0
0.47877458957509766,-2.2301792567636056,0.5808236297484591,-0.39368680731945815,-1.423631091757663,0
0.15506063621128507,-2.5584151771217805,0.21787205681125815,-0.8560990926621121,-1.6914370239652985,0
-0.17439946815512783,-2.5290858400343814,-0.282182966477077,-0.48618248674284814,-2.3231806084836886,0
-0.5898980815752128,-2.310371523357318,-0.4604710204980167,-0.22045649158816483,-2.6463169212613127,0
-0.7007438524729317,-2.1044856146229094,-1.038166130602852,-0.021684836119927553,-2.882655410394536,0
-1.227807692786171,-1.5851203672249314,-1.200076650631932,0.5469677424341228,-3.1032430638753965,0
-1.4167243809021044,-0.9672477116748184,-1.2843428066591107,1.2224119168692416,-3.373386071289568,0
-1.6450773790941262,-0.4729211281578027,-1.5629252136035894,1.5098779374885691,-3.40569924197786,0
-1.478178761515791,0.19897826665606,-1.4707701486752542,2.3108829937724744,-3.7225978829756734,0
-1.5778152715277078,0.8833539283573434,-1.5238118035633832,2.5743109140398883,-3.601369818766712,0
-1.3069509857561037,1.305550517945233,-1.2734686990863329,3.468481875492087,-3.3090771348289802,0
-1.0474959489850675,1.8580203934453356,-1.2003536423809407,3.8303578786018866,-2.8267715022267126,0
-0.7758601085910826,2.152094500999245,-0.7858233887810415,4.163092887816282,-2.722635637595445,0
-0.24261937993818822,2.417891794092278,-0.48875393928384836,4.401033037820769,-2.5411435033326586,0
0.0745795793486661,2.45940871686463,-0.030132280659483868,4.48046206645767,-2.0270022299617865,0
0.47197009646990185,2.3553491711270627,0.34189247606065937,4.382857539153421,-1.5806531281351284,0
0.6564490997613286,2.2124806817330374,0.6721056983043869,4.215600821378368,-1.2052028102565482,0
1.1114652137316392,1.893239733030784,1.0866641486355526,3.800635051795207,-0.9378881727673458,0
1.3036919592288285,1.3578550431975989,1.1999759179626737,3.1950929275770683,-0.7511934271507479,0
1.4844402205934983,0.8348833557263375,1.4741637749319136,2.824674222061361,-0.522506028491381,0
1.5742480048011158,0.06473482629310955,1.6192357753893227,2.0809928052745796,-0.4164385549889049,0
1.4052736326461022,-0.6189201854893003,1.4838606873658822,1.6625450403846884,-0.5681740843443208,0
1.3254167571256834,-1.0123177910417431,1.292915313355871,0.9313234002657589,-0.6520294784079954,0
1.2204645650133141,-1.5075748004748872,1.0620694755490645,0.4223180197934173,-0.8544374637870831,0
0.682506446465587,-2.0163103276123944,0.8284439959297444,-0.27869647509295525,-1.2462378020398384,0
0.665686435220006,-2.1559367421675395,0.6050350330832575,-0.4815262307416446,-1.542095402790988,0
0.22948475516202596,-2.366824403537707,0.19966915546912445,-0.3628349540977629,-1.9858970237416211,0
-0.19142764739599225,-2.1452153981900657,-0.11774020912742546,-0.5720138440394629,-2.181674505958115,0
-0.5356487548452441,-2.349542278970077,-0.4944120130774911,-0.3909959220954873,-2.5745123229488556,0
-0.9589230246868944,-2.1473985854492756,-0.8711170795478536,-0.05728498184588959,-2.9071053441155104,0
-1.1820156165078743,-1.6860770732141481,-1.1202582445387068,0.5769078497317088,-3.1583501453534084,0
-1.2747192533325054,-1.135135454709499,-1.2180971129924978,0.9823190208125312,-3.3182953895540748,0
-1.3760792281685679,-0.4089493635345347,-1.3672566591299335,1.695329788958617,-3.5238746084182497,0
-1.2948232887001385,-0.1127822716718645,-1.5197460439102262,2.123507824131894,-3.409019250711029,0
-1.4321291244137604,0.9373613631987285,-1.3523588162975375,2.7991895189081726,-3.5460019860166776,0
-1.3158833607633973,1.3096549135547004,-1.2225530778166767,3.189161555525496,-3.2675155783129552,0
-1.065388206338533,1.7915723738299338,-0.9415915530775534,3.9696754729464496,-3.034196570658212,0
-0.7989836517991092,2.0558488043565495,-0.6722592682498636,4.20434772557153,-2.65888973053419,0
-0.3788739374428304,2.407179708890312,-0.44609738837549084,4.426974040171119,-2.410158758990182,0
0.02870493225093408,2.501654970958442,-0.12147634240293859,4.542289442403208,-1.9198451856248049,0
0.3704666597073971,2.4062147868715384,0.4159818570376751,4.602306912061613,-1.6445051500487962,0
0.8048565245775162,2.233149107102455,0.8653268760303188,4.163954811798577,-1.2850048718514369,0
1.0092544737921982,1.7487175633096417,0.9686458507975406,4.0303014382728835,-0.9843601283119994,0
1.240433089315633,1.2275900173961305,1.2523851578993017,3.23312666439701,-0.6811508935617121,0
1.3829896386782068,0.841083502249611,1.3489036949780904,2.8253155619335,-0.5094291132234132,0
1.3745925031748203,0.16930973055025608,1.5853773054953317,2.408128618970141,-0.5483154670683639,0
1.3558482967698993,-0.44380565456463894,1.300543361964769,1.470319872128365,-0.6322359460545992,0
1.2688037339011948,-0.9320698221074631,1.187466056121336,0.9662087527677186,-0.7163420425158504,0
1.2533769695385308,-1.7213805232793304,1.1838963581501853,0.5161281584828095,-0.8318414057361785,0
0.9488223989054434,-2.1294475430937405,0.8755021049293472,-0.03977994829972076,-1.1195705607247415,0
0.6553091340065,-2.167288758366998,0.5162151028964903,-0.5119853742411635,-1.4372432206694252,0
0.08808397625185926,-2.665647172982952,0.16541774135719087,-0.6122816731698162,-1.8663880594078888,0
-0.33564670208043634,-2.643963271577565,-0.1477257567622577,-0.4076701796794593,-2.128319289214592,0
-0.601691053037078,-2.2222084858225006,-0.5832221282057466,-0.21300179972196975,-2.5654197196215947,0
-0.8684914569415273,-1.99276746193459,-0.9639472513187128,0.07552693085277973,-3.0041854681739233,0
-1.1183680935454472,-1.5804059572393134,-1.2253220837691567,0.5497440273617575,-3.1441186306775486,0
-1.278642667001434,-1.075905654925199,-1.2906151640492747,0.9445499204543515,-3.316183628824401,0
-1.4521099007824914,-0.46454484308587085,-1.512786522715199,1.5575758598745588,-3.462648852751766,0
-1.3663399340932338,0.14546228448681528,-1.6009359114249464,1.9671177164286187,-3.4872735192012265,0
-1.4432802005138567,0.9419728237616587,-1.418921399921935,2.8122086051501487,-3.409546878081728,0
-1.3349728296061512,1.2897984713537483,-1.2286172841195155,3.4161520856213947,-3.345521572861757,0
-1.152912025055093,1.8022498765188413,-0.9271486028265189,3.7495201567015655,-2.911939182061066,0
-0.7893033630097254,2.415072800762799,-0.7062877571184414,4.271266912471528,-2.7471175299333934,0
-0.35487598367337236,2.424896615575318,-0.42251317428798185,4.1944717972568615,-2.2630214429615627,0
-0.06665401930151937,2.7790020486906473,0.03555059004578017,4.593887449724317,-2.04155966506362,0
0.4432905155124479,2.4083354401941994,0.42757294599883633,4.458993443274169,-1.5544645162896815,0
0.8285550891053799,2.3616935729171797,0.7197126131527862,4.454592766808163,-1.2593560151928684,0
0.8491016410010508,1.6155035637647985,1.0234757044386282,3.9990572606616666,-0.9656557585843624,0
1.3312958107903432,1.3587725450494579,1.2860018561234272,3.5279395322673155,-0.8039174710133095,0
1.2586144700431041,0.5744832905434802,1.4213455370735206,2.874717122983368,-0.4829788338259786,0
1.5271525217741782,0.26253308714887325,1.515798635658641,2.237803250562707,-0.4715370065507076,0
1.565296168407556,-0.6200617634904548,1.3967873767610115,1.3838427991715572,-0.5333378791551371,0
1.3621047866747853,-1.0289770346148062,1.2709577459626291,0.8936653585433023,-0.5522062972933828,0
1.0597931761733628,-1.628834458958035,1.0930615107011232,0.6347810844608774,-0.8375866210318055,0
0.8377705381178573,-2.1673178840853957,0.9298436991883972,-0.20456304202777842,-0.9525867023645129,0
0.5325634205986988,-2.526861212582822,0.5715966465775619,-0.3807264440722702,-1.3715623869766298,0
0.17433149156219097,-2.5441668112337124,0.2660177726651536,-0.6576910133880327,-1.8368033303390936,0
-0.2032171134039528,-2.2627080725492785,-0.20200166950504853,-0.2989177765321793,-2.0861212087561274,0
-0.56042803747523,-2.361126846581791,-0.6379599337151701,-0.39516388078882025,-2.547622600187442,0
-0.8656668747704406,-1.9078897931728944,-0.7958363632923613,0.170524309804035,-2.7312360204105652,0
-1.2464128881936825,-1.6006903328294837,-1.157177393329183,0.35471971391337775,-3.1496454869254062,0
-1.3753920659393086,-0.9548573822013291,-1.260981450979053,0.872535261066897,-3.363181281124425,0
-1.3595612883163564,-0.696817208752365,-1.4285848892386208,1.6913628621587828,-3.4663832536113772,0
-1.5258884993780943,0.10657776046713519,-1.3328936917306928,2.2743302646225487,-3.467077091411559,0
-1.4598724814293693,0.8912181764115251,-1.4430677483712318,2.433007447285176,-3.3103864299076404,0
-1.185627090474443,1.3191601188433748,-1.1989375953713224,3.3959595861796723,-3.244527619204826,0
-1.2187595088688414,1.8116146582146462,-0.9599683509165635,3.8974424283350633,-3.034824278268408,0
-0.6340271160559361,2.136958961123949,-0.7642649870646414,4.216992566472287,-2.7596400127327096,0
-0.4204276125976755,2.5651303257424662,-0.38597100453031,4.339250652343479,-2.314108733564645,0
0.012294642933957232,2.537189294244368,-0.10963037566624098,4.5035510555799485,-2.0415758847960017,0
0.3802589324413621,2.4269606873435006,0.25687512047207234,4.371700217700875,-1.7146274434002768,0
0.7933156200941103,2.271148518277063,0.7321231712673889,4.217182078560898,-1.3480379718703888,0
1.0067510529254027,1.8959496846932389,1.0862961891953606,3.7971222856958633,-1.0080489114357742,0
1.2156399546356913,1.3661403682521769,1.3143436907651842,3.261825967667617,-0.7428406896026376,0
1.5239232087415702,0.9659214230611863,1.4520866193122117,2.7930137917254076,-0.49442732031804093,0
1.3197270563568189,0.14944035711839299,1.561766379128739,2.257281162596332,-0.5462531737383145,0
1.4749559397209226,-0.4336931554683505,1.4292035414155801,1.5676724500850772,-0.43678448997188846,0
1.2561461720018472,-1.144817298081787,1.3368006225624491,0.8663464723459204,-0.7655873928369865,0
1.098651860044432,-1.5747955709959776,1.211083977669715,0.4484717781745575,-0.6466349257734456,0
1.0325221295484517,-1.8240722954691897,0.9141617831473864,0.11118156304501015,-1.2373039159527908,0
0.5488421720428176,-2.4048484149442277,0.5364226679922497,-0.12501569364861131,-1.432956643086008,0
0.20263007763278007,-2.6219858564910083,0.28705942930602013,-0.32934268026627134,-1.8283186509579368,0
-0.3216170645243823,-2.355691797933716,-0.28489994417499753,-0.41311422911631457,-2.246898454484683,0
-0.6068651784366431,-2.3430369837498226,-0.5910877305736855,-0.4505817186223484,-2.501456177686167,0
-0.8669360733840527,-2.0105419603161447,-0.9029327115229305,-0.19323657680247486,-2.802386816124128,0
-1.1291630371802062,-1.5991991373333634,-1.0945297481806648,0.38114237391341943,-3.16868382242694,0
-1.3109740871195326,-1.0545580134214927,-1.357061688855386,0.7594036733927951,-3.266536710301737,0
-1.472783783674218,-0.36213695102385357,-1.5680427571023325,1.4334486224031382,-3.4686265491928188,0
-1.4575147770083081,0.05208577499836385,-1.4584897791562028,2.135711010729377,-3.5768235901482575,0
-1.39255113099505,0.6460707254242029,-1.3450188007827093,2.712016183220026,-3.432523837378164,0
-1.4037224190783681,1.3501880045771903,-1.2110440482680511,3.2985772304086747,-3.3060540932246862,0
-1.0240452297497655,1.6216166073723095,-0.9803840397726151,3.656420990141275,-2.9923045510226443,0
-0.6650378305725957,2.0191350081044406,-0.8632040234081286,4.219700045083833,-2.7525680280721496,0
-0.328793844192189,2.6547932963630325,-0.4405263165030393,4.546021409204943,-2.378598570398478,0
-0.027289410747785722,2.594683541257676,0.036156045650438604,4.431482816526354,-2.0814018081673415,0
0.31261284268182965,2.420200843837951,0.3689182168907031,4.512177320845479,-1.5467634341433634,0
0.6387571168284674,2.3455175671044484,0.7618223313025008,4.523607539324404,-1.304041620606989,0
1.016991608027424,1.6923466647928906,0.9318449581208084,3.810945189786727,-1.0533901244160746,0
1.3514728792200097,1.300116597024238,1.2618797809316642,3.4209682384411613,-0.5361475391083814,0
1.2801994668316077,0.8504741871154299,1.3223511980255123,2.797138747198302,-0.679388303601425,0
1.4475482129126958,0.2683102590021901,1.3505142004459527,2.2781792649762718,-0.4649026344224334,0
1.3879456919360194,-0.4043386806108884,1.495614307731044,1.3167154789591278,-0.6888440409822563,0
1.4161123927920642,-1.3821030798737195,1.4204347384333,0.8034321750941569,-0.6196202150779115,0
1.11419664217082,-1.7145702390798292,1.1741910962563007,0.42437301663716553,-0.8301216218349639,0
0.8463800540770987,-1.9629089743927626,0.879203142418858,0.08832783483243745,-1.1372504692126049,0
0.5359156112817486,-2.3689351513514922,0.43503575338980227,-0.308125711487524,-1.5500789717571002,0
0.22140434416356838,-2.1627578006912977,0.26345788037877466,-0.6883584096571496,-1.8763899705400122,0
-0.21742902520769594,-2.364466965665304,-0.19130321764966873,-0.5832384128434907,-2.248491908434073,0
-0.7806475581370055,-2.2546809796432994,-0.40521967863657826,-0.4237794794202845,-2.6402461012162988,0
-0.8409294865846559,-2.162161180155697,-0.8110043053179474,0.026081507188024933,-2.952781316773697,0
-1.122841642338301,-1.5979720668220476,-1.3061542711626153,0.3111851556482632,-3.0481354223158874,0
-1.373706155823874,-1.0342977333853,-1.3006118526798414,0.8504508829872346,-3.327899902786038,0
-1.5547336226434334,-0.32748033269829124,-1.578171018911025,1.6671401606154466,-3.373618802317628,0
-1.470656584341305,0.26711768596074426,-1.5540022544245868,2.323890833423114,-3.5712032504215667,0
-1.3981421094275541,0.9016661352523986,-1.4453915251997342,2.7208831352704004,-3.458932517269899,0
-1.3017443544555884,1.224077985471241,-1.2735465720302181,3.3926798214912255,-3.3967706048365383,0
-1.0430755191861847,1.9989405308408794,-0.9970032677217093,3.5872360937371326,-3.116104838814992,0
-0.792392248841901,2.018212856071247,-0.799344639212893,4.2155575825290725,-2.7444639972297455,0
-0.3864290126538177,2.3544685826133134,-0.4593367310665165,4.570205159046062,-2.404580307212718,0
-0.1162822008812699,2.5538463918682055,0.04504539012997189,4.565847713157169,-1.8666984668359328,0
0.4043337423246799,2.402721453854931,0.3720410606522402,4.434090508366257,-1.6188616762423176,0
0.6518028743407767,2.0650120928695865,0.7357084898052133,4.142186328425556,-1.2972519801280868,0
1.0446783949804608,1.7197278403531304,0.862294407515938,3.7415725666045967,-0.9387196467010064,0
1.1610446695329437,1.1460351970913258,1.2532065845043867,3.317181686798231,-0.7314922202912844,0
1.3823304510025154,0.8390393158132646,1.3597800857131188,2.5786123436578268,-0.6548429908021076,0
1.488753387262464,0.31454740445351725,1.4279931146661435,2.358283671110529,-0.5499764881547975,0
1.3488783902028385,-0.48100247438947813,1.5425759864098767,1.6020730435850448,-0.4216473577099187,0
1.365876669184529,-1.1144918307893847,1.2750652365260837,0.9227471418106328,-0.5449753437286491,0
1.127333796947694,-1.7776003404300267,1.073802618689236,0.3289644287748672,-0.8249374869610986,0
0.7510011636030075,-1.9083922454058584,0.8568520831835686,-0.03133493845709845,-1.0418607291883517,0
0.45444362246856396,-2.0480281730657115,0.5859584913255385,-0.2247168469377927,-1.3246024783935888,0
0.23338385665261085,-2.7049687288320583,0.1216987456153419,-0.35385576688382825,-1.8451295780698829,0
-0.12083315143013407,-2.6132158705555146,-0.09543904766297875,-0.5932481195444068,-2.1741762373615865,0
-0.562079977010518,-2.409390345038644,-0.44344826462492903,-0.4461323097423331,-2.535605011305276,0
-0.8513207425356909,-2.0930822246476573,-0.947786408423863,0.2372362594136883,-2.943688893315701,0
-1.1389815969152153,-1.5651417306037898,-1.1741509958319476,0.5485141328427359,-3.122287492058094,0
-1.3325188550394569,-0.862667035502625,-1.4156412391483582,1.0241167636908473,-3.4430164301271855,0
-1.37698207556201,-0.3423786256068065,-1.5998345339583744,1.5142159330710094,-3.465761377205164,0
-1.6100649725084768,0.2229259716700968,-1.4743142638581948,2.272478841106155,-3.517208634530377,0
-1.3758502195156113,0.6820513979300289,-1.3715651593255305,2.6133883389584645,-3.394368740674279,0
-1.2951425599213537,1.1996134582374491,-1.115602068518525,3.5310380401393857,-3.3681064792642443,0
-1.0436400789618847,1.7228246552652746,-1.094126371665362,3.817950040461417,-3.065903119547551,0
-0.7452992409366981,2.384275050282006,-0.6224128793416213,4.289624387879508,-2.5813932001550794,0
-0.40117086449685435,2.4137399901393506,-0.2723583039029115,4.5022351246834855,-2.383148284564283,0
-0.09196471438372496,2.4441454682921724,0.014838998217537954,4.4835536360922585,-1.9948891881365343,0
0.3867852706916223,2.3984884365403203,0.41819709246550696,4.3995371084343855,-1.6771830231223073,0
0.8479512386117347,2.2938439775644697,0.7881259897751232,4.343464592769159,-1.2739666693346736,0
1.0226106823593881,1.6583153592347863,1.1748781550111873,3.950733744126334,-0.9446964871165304,0
1.2663880100478866,1.5164262544378042,1.3023275304492539,3.118038097449949,-0.7691754104101078,0
1.3750373466559844,0.7921020180556368,1.4220744330299577,2.5609917688052923,-0.592127448085704,0
1.488229501661051,0.12993330153626576,1.432077432716849,2.0386987212787115,-0.5154443868588676,0
1.508393358045584,-0.41309752224598195,1.496329932718969,1.419853538748213,-0.5043888159935084,0
1.3294723956461922,-1.0371485947714802,1.4340529486569982,0.7957360370138737,-0.5579706211601012,0
1.1217345610847815,-1.6365845314301515,1.1741156412633922,0.44045385603605736,-0.8944295632356423,0
0.9119227189509349,-2.054131319942592,0.8231836347693162,-0.0805055418291376,-1.0578735720229873,0
0.4833364712905893,-2.433049033078872,0.5588675442142599,-0.1736756370003567,-1.387467741664322,0
0.2069370973772036,-2.3982379094287856,0.1783133391619296,-0.298677032596566,-1.7928877237528416,0
-0.12647571555184467,-2.546785979462591,-0.16814444351477326,-0.48387215797339467,-2.1068759688981,0
-0.4501906884010687,-2.4439735175246553,-0.6768254565683989,-0.11400897113650821,-2.5447567017958796,0
-0.8884565289844731,-2.0018095456056857,-0.8403687323809972,-0.019515697169787405,-2.8735916569108917,0
-1.0532000711781866,-1.4274173140285176,-1.1111131274064108,0.3520911947845504,-3.168786297841833,0
-1.279659837212928,-1.0704913068851154,-1.3238765708350537,0.9436499884991014,-3.377517863064307,0
-1.548146824120864,-0.5444659435832638,-1.4737130873789108,1.6496542137848307,-3.489218237270011,0
-1.5883854810118923,0.20746330142782116,-1.6324853123376624,1.9551686772358372,-3.636601680692189,0
-1.4494570472818116,1.0146315437376894,-1.4280339838405747,2.7464675706593136,-3.3815642503337227,0
-1.1893217263083977,1.1580787962685517,-1.186938263302349,3.3767426949871293,-3.290661118477953,0
-1.0322421844600358,1.870196917026687,-1.0913303246149697,3.8678071517083428,-3.136985599644534,0
-0.767679827976893,2.2164025282636537,-0.8718257211146551,4.1447121571943075,-2.649856362110664,0
-0.2566165922436473,2.566649628266464,-0.4885766786375914,4.482556120652008,-2.4462004985926207,0
0.021517836600262744,2.623863646710606,0.023551926886557002,4.536515202243859,-1.935538089811337,0
0.19899026006300652,2.3981192638453424,0.401000531411245,4.347469388637515,-1.682581867181688,0
0.7464175581245311,1.9802020431815426,0.7891025007491896,4.4634665287269994,-1.205452919688173,0
1.0658237049858674,1.923242039540531,1.0226762342133284,3.8773653443074116,-0.8307602643912104,0
1.2834125373383571,1.235167901173552,1.1539672600546316,3.2981690686757585,-0.8531378097567184,0
1.460313181960137,0.6541999345676843,1.3651969638982115,2.701077606752528,-0.5925373911887715,0
1.4919944219731838,0.3005201214096761,1.5584530455873584,2.2856524136021497,-0.4311992658401653,0
1.3745511858696744,-0.5823095836691727,1.4839680691509902,1.5443041874186674,-0.505592443678418,0
1.3294377784574976,-0.889092636400143,1.40597780130003,1.2540658583142252,-0.6216321828017097,0
1.0848486794969532,-1.5515793841960777,1.188379024573253,0.3519495102592469,-0.7755598779685637,0
0.8117223101291047,-1.9826526859266156,0.866305837058911,-0.1778683532439369,-1.1774866408236888,0
0.4574567028443375,-2.286033117157435,0.5391363162139056,-0.32790352207483453,-1.5440416929193814,0
0.2219365322944014,-2.6850897065039248,0.32728252057811746,-0.45840332093152014,-1.8655358859975437,0
-0.1806576394405145,-2.7023353303295155,-0.15689928035076994,-0.7450930826162305,-2.0879834381849545,0
-0.5857992312280927,-2.2974970829970283,-0.5618308953007667,-0.3630872790182984,-2.609479812824956,0
-0.9303782230184896,-1.9515415660340651,-0.8475213791184497,-0.06859441611081696,-2.9967997359665994,0
-1.1575265970403055,-1.5832335953521735,-1.1390519276918762,0.3603445836026078,-3.0690112890531283,0
-1.2763009740905913,-1.1671400435401278,-1.5190423067111123,0.8567735526334876,-3.3956541845573582,0
-1.6237470547554544,-0.46608802347901146,-1.4246745375151124,1.3636476456496593,-3.507106532988793,0
-1.4687743535785909,0.1467220296800851,-1.360469647085682,2.2517310552509904,-3.601580519314603,0
-1.4675131724940604,0.6528977236529605,-1.4851057645719816,2.6995623804386772,-3.3868056192197633,0
-1.4078358266264646,1.466313506711555,-1.1574392070900688,3.2116043058974277,-3.2238944365126674,0
-1.1727483901303246,1.606137060859776,-1.0460858861929214,3.7274297850762985,-3.068104848082246,0
-0.7910892732126967,2.264359500960618,-0.7006201563288131,4.131726295141311,-2.81216044504147,0
-0.356571614062801,2.4694983284729846,-0.29275782947429135,4.435038793410707,-2.5149423320898356,0
0.029479720048528932,2.626213981851464,-0.05400010734678863,4.583542373295061,-1.9573956280322151,0
0.30261121279644687,2.295793918777971,0.4662218742086662,4.302310465569694,-1.4322280231662026,0
0.7989070855085818,2.203442593443171,0.631564215050638,4.130854525415341,-1.2470452705104376,0
1.133544421131737,2.093817187218306,0.9611840527244853,3.6542331025510384,-0.9275551961575197,0
1.2961983821247718,1.4223262735724358,1.2219778644519652,2.9155294882696756,-0.7225160204105023,0
1.3822295743571322,0.7851151370284373,1.4762351769266333,2.7920167272787655,-0.5471969802262726,0
1.5813715314806855,0.22437145808754275,1.4714745118496975,2.346976738510861,-0.5204361416595893,0
1.5300855532677782,-0.457681181166843,1.3594327916240876,1.596807120204745,-0.5045049756119635,0
1.422296134550646,-0.790585977257709,1.34100061331029,0.8721692765694373,-0.7028349350193561,0
1.1065350885408036,-1.4706054498981078,1.0969532604735897,0.4184999184538991,-0.9372821320108689,0
0.6690862905431065,-2.033244355216181,0.9365249000017368,-0.169394998561752,-1.109979222227223,0
0.7109461556382741,-2.2928997857975757,0.5264441999428658,-0.33972775947471323,-1.4404510027135553,0
0.06718397008771501,-2.5291365027963204,0.1933079060390089,-0.5337504099183912,-1.9000818328218108,0
-0.1906824557359883,-2.329055487484903,-0.21841028463202206,-0.5868760322946143,-2.229357206701796,0
-0.3736309276855282,-2.50020431114451,-0.5196414064097379,-0.2737346859950516,-2.5784423061324775,0
-0.8568846217181406,-2.223134802169981,-0.8954471856990103,0.3024409096100247,-2.827994117195514,0
-1.0845763786468354,-1.4112206306621862,-1.1313799605621733,0.6146212139326541,-3.1438697979932817,0
-1.4699203214026606,-0.7953082548413484,-1.5517447210546604,0.9265426434220667,-3.369811334623395,0
-1.6067558976980658,-0.4099151730030699,-1.466137060319704,1.6420610453752138,-3.592847067451957,0
-1.5369928020408739,0.1710685414777549,-1.4659965673841397,2.264814728081991,-3.4767593007019375,0
-1.344778544360136,0.8547009472255002,-1.441530778561318,2.6916002327266755,-3.3868948310739078,0
-1.2924605968265719,1.2586852966496442,-1.216287452898583,3.4200549966350664,-3.1016334510391204,0
-1.0864183829733827,1.8438270116975755,-0.9714251317185587,3.6422975562402797,-2.9933456511945558,0
-0.7077829644067056,2.195630288341681,-0.6248144692638654,4.090104401128206,-2.65332220897031,0
-0.2918896893614745,2.499778434164753,-0.3651739601418483,4.451302011622349,-2.3030102899493587,0
-0.10837051493047054,2.3052501839770754,-0.14353505285021623,4.448151542205359,-2.1359526631362113,0
0.2822441061880394,2.358078556600907,0.20162237208806738,4.641017733200352,-1.6363115205470757,0
0.663480317064395,2.296391150484741,0.6024924397470086,4.2717717544290545,-1.2900928894855883,0
1.1089185369964434,1.7379723400997658,1.0239776293042262,3.774666803407777,-1.0076770554823409,0
1.2841035026991903,1.2153968155195662,1.254693991631993,3.2807445233082726,-0.6692680771055626,0
1.5864962802355138,1.0278015046657374,1.4473027633442284,2.7959138119640286,-0.45141116733455666,0
1.5672735220797422,0.1617410488456761,1.4501466484506205,2.025034887742978,-0.5722951291562359,0
1.4707987378278085,-0.5408180539572061,1.4181940382301026,1.6059982076975134,-0.5382686885542316,0
1.4521214165556804,-1.275994533596968,1.3988691743798054,0.7636390273441109,-0.6108846077681682,0
1.1716321401185528,-1.5023916810867153,1.2049641950165995,0.48431630012332416,-0.9026964913860707,0
0.8288087770006426,-1.9351504667225425,0.8624291182776649,-0.04311682743493073,-1.2770623348032655,0
0.6031849423453717,-2.361786164791889,0.5493010796590675,-0.27261452495923866,-1.4639428979019076,0
0.13577535130686863,-2.6180655271495823,0.2183234260961242,-0.6068599939534414,-1.8948069528527127,0
-0.20977963290677193,-2.4833554312414865,-0.15017408220925732,-0.44966360240017433,-2.3333842719383644,0
-0.45260312683017034,-2.4289232231558295,-0.6379853814969245,-0.022897747031545013,-2.4845445517118927,0
-0.8892739899050319,-2.140304184546487,-0.9356459176325733,-0.07969457999493068,-2.7590167816676074,0
-1.2160054682143047,-1.6064615683044403,-1.2480608175870866,0.4461150081694012,-3.11610039561538,0
-1.3920659055566984,-1.1958720287451639,-1.3952585748117987,1.1237476398070079,-3.326043284165308,0
-1.3967965821738815,-0.43762216705776613,-1.4125058568923945,1.626759731643195,-3.4408746499944836,0
-1.5384806431486613,0.23297536249910455,-1.456069702621624,2.2109619843413837,-3.5028606900311274,0
-1.455600087956519,0.6675884300407706,-1.5089421214699124,2.6458313268722704,-3.392897100059196,0
-1.30476384372554,1.1685363505302047,-1.2280718837410691,3.1798684409104223,-3.2763395313141985,0
-1.0130262468174895,2.0175815184230363,-1.0203824259923289,3.829100623638868,-3.0831407825469457,0
-0.7515422431807397,2.0732329206150117,-0.7596750141840132,4.132862218195513,-2.6268066272499633,0
-0.4931725344201997,2.338965064683795,-0.4785193048800318,4.419075626099676,-2.3168777143194905,0
-0.06653857063837802,2.526627145928736,-0.01311175287133252,4.52570708425244,-1.8007045213164368,0
0.3030756526343179,2.496379074386857,0.42403063120599743,4.336904422966209,-1.688360714883678,0
0.8158794649867058,2.158727088398457,0.5603981875228596,4.252529578361402,-1.3857558259376426,0
1.0877712120512222,1.880020859516169,0.9971114190616852,4.0547410921274,-0.8725471017614663,0
1.3105363417080278,1.2894437177103935,1.4355631656634131,3.2133993640248883,-0.7413973284112527,0
1.388682900647903,0.651146152834303,1.4770325283353407,2.7138491911222378,-0.4716561821782561,0
1.4358557269928613,0.33526590642161236,1.5165275297676701,2.150774966488234,-0.35190885041768016,0
1.4353670559687302,-0.15739808467293087,1.4181419883752135,1.674104172778252,-0.6295163475360481,0
1.278349571007643,-0.852452037285949,1.3063658408584706,0.7872540210020671,-0.7070665513712533,0
1.343059893532708,-1.575834144477545,1.1495232344861854,0.2732965125802629,-0.9703267696105671,0
0.7132787548108374,-1.7933630657104294,1.0018926506419779,-0.29300011253943437,-1.1296170206255538,0
0.5944874691575547,-2.2799782752551288,0.5871060183441388,-0.37948649137235835,-1.5018929707315414,0
0.09165842799700007,-2.5399475370866016,0.12258797051362792,-0.3952685325334686,-1.9575663317678527,0
-0.19582561220855182,-2.421989306488449,-0.09974082816766006,-0.3471336646639287,-2.1805069708773237,0
-0.6262869747140587,-2.336240278022019,-0.5741313945638855,-0.27979700705715427,-2.4560490956574506,0
-0.9700000506249327,-2.1454322589055512,-0.7543768923626892,-0.09766210836014455,-2.954433833544136,0
-1.2412845867338114,-1.7058502208007156,-1.1982650910115171,0.49474897734108314,-3.0623666229556643,0
-1.2256166171683867,-0.9641917615700757,-1.4324855104668326,0.9610915949143743,-3.3049752256415115,0
-1.4834050077662533,-0.6992697841723892,-1.460333657757016,1.2914585136694536,-3.478272277514849,0
-1.5544677572282626,0.23249339137865752,-1.4233655688573834,2.0034644447463794,-3.5763781170159135,0
-1.3849007521365149,0.5688445355938133,-1.3487764146879122,2.961525649086905,-3.461776445165544,0
-1.26571568966054,1.0744199318347134,-1.2545525057528515,3.379842622819427,-3.106862227062652,0
-0.9728181269424125,1.5925657430837112,-1.1009279104906824,3.650572269989951,-3.056013718503354,0
-0.8594497603478974,2.436612196601513,-0.7605310652949016,4.293260838617393,-2.6799095408554927,0
-0.35026453791259937,2.3969286572036492,-0.5244059708738158,4.554137272791921,-2.393607290503872,0
0.05795211278268893,2.5108228975206774,-0.06848411531765122,4.445620746317539,-2.0823812643246047,0
0.24841495891371843,2.5988647835604346,0.35965056963001596,4.503668164869914,-1.5752361046056496,0
0.7562451574843265,2.3075391686721196,0.7518056717015891,3.7232541203656817,-1.1536758707065982,0
1.1540342768551635,1.6484834098779726,1.0013615847831931,3.9441186679520195,-0.8932943930177091,0
1.2653775605014208,1.4481927802998342,1.2622184591296932,3.4864614114374737,-0.6128297385554904,0
1.4881902197195975,0.7955651440252788,1.3968708660865006,2.631954646591869,-0.5626889749851711,0
1.5473328764157253,0.11426653662380268,1.55336699045664,2.192236973762701,-0.503151689497968,0
1.4203679487797367,-0.4654169221971161,1.4059974057110396,1.4892816456547315,-0.48699308811725195,0
1.3602230837930194,-0.9044717263341685,1.4200566722600065,0.9227355859909754,-0.6594560157326752,0
1.038245260849056,-1.7043057846268594,1.3028359251022192,0.35332997006137634,-0.8810915123354477,0
0.8478301506559948,-1.9724317760493841,0.917137102640329,-0.1890794192942522,-1.2378600847002816,0
0.5721134271494771,-2.3256483692872467,0.5126549582602064,-0.08814075183542647,-1.37143518876933,0
0.24223238737676428,-2.7049323302106525,0.14777958953992054,-0.5190756094836027,-1.8082737584583277,0
-0.18615394095286666,-2.5805683997525453,-0.09726205868265274,-0.4671923727534151,-2.3081385068655518,0
-0.4981880492663008,-2.3002895205664027,-0.636681035967438,-0.4506162872520436,-2.688567632023106,0
-0.964395844410362,-1.8603747248007578,-0.9532132099591515,-0.15215088107791264,-2.7488036283542803,0
-1.163397159755311,-1.4683935972033593,-1.2431034982039804,0.4580148275127369,-3.0750996179227026,0
-1.3557946248605464,-0.9897966658622609,-1.4531291167380787,1.0013507811062001,-3.3284853686429883,0
-1.334711532592063,-0.5703627441063455,-1.551792100046525,1.6412872347013048,-3.5834556855895228,0
-1.5131025918574115,0.382128047674406,-1.4377972220084931,2.29494804913505,-3.5168987248509813,0
-1.464011022292291,0.7994475443923359,-1.3439135820986254,2.746266543374789,-3.503990700343598,0
-1.2648905464647409,1.213771297237714,-1.3187723686800208,3.284041604448414,-3.293824519293551,0
-1.0957541672582747,1.7995584459464165,-1.0112706054396021,3.915773297659652,-3.043086224712815,0
-0.7081739724726599,2.302797753279199,-0.6656937605194335,4.111086799680875,-2.7770266646707,0
-0.40041397198825013,2.4224100901113483,-0.36549251551499357,4.530427714808807,-2.477567539537448,0
-0.1343495661030682,2.610858085822845,-0.07162070682127233,4.5468125359052864,-1.9445971011653849,0
0.36864083941223985,2.559419647504348,0.2627547006119233,4.565836207144516,-1.6082641490817393,0
0.6988147791078223,2.240833035684484,0.7984125776370004,4.274565661215625,-1.2362281054671709,0
0.9043889112379601,1.7152087406726266,1.0640341148146875,3.6906158405670935,-0.8880619761555004,0
1.2614568266569401,1.3564988203462223,1.3097635802579282,3.2313627822492217,-0.6507870565183165,0
1.538286471598326,0.778188217929673,1.3435112568751628,2.8641031480632426,-0.4486729580224491,0
1.5361378737630864,0.38939459055472414,1.5146633821090867,2.3953582791254924,-0.4335199426509546,0
1.5193254155478648,-0.6717435286927093,1.5206058451522897,1.3661952509377673,-0.4921354279431054,0
1.2566283242802996,-1.081301035299481,1.3807931169725638,0.9384532216279724,-0.6736853299227119,0
1.191537241832836,-1.6665716677211182,1.0998931229030926,0.44164934531330813,-0.9409599869770329,0
0.8928115970422164,-1.980654283412868,0.9575974166936105,-0.21326467492056134,-1.074052695969762,0
0.5918652219020822,-2.6291367596205593,0.43761443291359187,-0.2646755901752629,-1.4697177168765727,0
0.21969699697462342,-2.3409211833499084,0.2576554947069821,-0.4919271022921232,-1.6621781778747513,0
-0.28998340475925627,-2.47856819236925,-0.10692065453993976,-0.7423564384381476,-2.22584132334748,0
-0.5552918898938953,-2.555028860174114,-0.43426205521190586,-0.12172521743940834,-2.531180941543008,0
-0.9385181929706049,-2.067681627779842,-0.9073647927075008,-0.13044351332124293,-2.8603280669910403,0
-1.1595261712350637,-1.5174396816648716,-1.2307271154058161,0.24612709884143258,-3.26626240520057,0
-1.4245456482166687,-1.2633792133449273,-1.297699551525903,0.9880694738637883,-3.414622866301319,0
-1.374995598557463,-0.4680505094088769,-1.5258720220245607,1.6012325630238406,-3.6224303967016978,0
-1.561463021775733,0.024792092848094048,-1.493740429284108,2.249027724285319,-3.4764523211183773,0
-1.4940054361776394,0.7030443569525298,-1.4503944407297296,2.7242920656612366,-3.4125837174080074,0
-1.2608979077622577,1.3429092852818167,-1.3341472861090056,3.3382026952111232,-3.2107096661479577,0
-1.1076030890983208,1.845352850251244,-1.0027456989291543,3.7310707231568134,-3.0812098115496336,0
-0.754480258835007,2.1319238878368463,-0.8270317048943947,4.026992036905661,-2.802094929212366,0
-0.43528217556261795,2.4555574515128655,-0.3286194046239679,4.556349233953362,-2.397182031363487,0
0.10583790479175174,2.602247200906851,-0.07251983163422422,4.487154664372776,-1.9690058021714067,0
0.43197011775962735,2.3865936184336696,0.24315497976219488,4.398668620893705,-1.708189728975865,0
0.7183202972676916,2.3697126697907986,0.7188724517433243,3.940858251110221,-1.2487308383126516,0
0.9974793799799841,2.005198339901078,1.059193197853877,3.8001251805184832,-0.9364103596844093,0
1.3370607093461682,1.2859792292492318,1.3097619830320264,3.234255175311029,-0.6719843743859479,0
1.4569750804669466,0.6928124163781724,1.487961304254767,2.7507157792936434,-0.6002251507086975,0
1.5343940229936228,-0.051045324322518196,1.3205170626656275,2.1295707798411443,-0.49642457611109236,0
1.4714664582922152,-0.4842744529192264,1.3980450437712837,1.4757386146190772,-0.434431481697682,0
1.2306233266161661,-1.1098779514272088,1.3652395007867508,1.05290660145119,-0.6952570603099271,0
1.1473349154716965,-1.4961785718551426,1.2696951101588738,0.4623217946687528,-0.8470984075468315,0
0.841741134498022,-2.211250186695915,0.9404587154643066,0.11835182837156566,-0.9678701415480235,0
0.6005659745364812,-2.359115138688535,0.6947873329155989,-0.4900446359656119,-1.4250096709840354,0
0.2638880328210155,-2.3591937041473026,0.1486293936279014,-0.5614062442171726,-1.7412546193541543,0
-0.2373461787035681,-2.5715813902309343,-0.1674185757003298,-0.48532185557647534,-2.1654639724520717,0
-0.5170579364562389,-2.4197364068115794,-0.6346846395947158,-0.3752710859585573,-2.476666792158086,0
-0.7514869536122973,-2.203410027781825,-0.9120042949105258,-0.03244970162444094,-2.845326856842354,0
-1.2058483182064736,-1.265988243619449,-1.2109170430349048,0.2586771007147308,-3.1722263503458437,0
-1.2310964481935507,-1.1578823761708303,-1.4047897281477901,0.8460295139295619,-3.3752619074137318,0
-1.5373748146308381,-0.6309966404915468,-1.5029395601819644,1.3263524691792439,-3.4905623473154743,0
-1.4953181109718103,0.05649499831936241,-1.4968362771506056,2.0457231048516475,-3.4477059641068957,0
-1.427420695330859,0.6757556008765665,-1.4249188246039848,2.859314575986419,-3.42475686712229,0
-1.2656294707627642,1.3058932651410964,-1.2257328802843144,3.312791126851758,-3.2677472598790773,0
-1.0896465120361096,1.9255930975644984,-1.0163215238389993,4.0106407233982475,-3.020787270746623,0
-0.7669692439349025,2.153476303985182,-0.7484339333162923,4.116324965821452,-2.7020430802478717,0
-0.4231138522242158,2.3061049884469833,-0.41222822136215687,4.436341787930628,-2.2557912590792744,0
0.02452219465533284,2.3185826877261215,-0.02303487901190277,4.348343458730948,-2.069493477335597,0
0.39778746433557277,2.4241900725990546,0.3393570451387769,4.746541886623746,-1.5460723227953994,0
0.8895763360329374,2.1960840843633873,0.7594533402912165,4.168439125272107,-1.3093360122943738,0
1.1296448343648768,2.013788112432117,1.0917350481933874,3.9261252985909403,-0.9983082284917875,0
1.2282536450926542,1.3511229543811718,1.3620452285990714,3.3912401150558398,-0.7446300545957016,0
1.4509499956274472,0.7601664470268443,1.3667570674472018,2.6995576340824448,-0.6750090719521253,0
1.5718239412017911,0.025644569249800193,1.5322430095428152,1.9906136386312752,-0.5505732319083017,0
1.4757260129184209,-0.5066973583516186,1.3688299029735815,1.5510646041030314,-0.5367595289272826,0
1.3520174603154989,-1.1192575361670436,1.3852286825679623,0.8659530530418655,-0.6875172328789421,0
1.1596379848714253,-1.6398304949359377,1.2369702853205133,0.38700198794180873,-0.746949014341924,0
0.9467236255993259,-2.1424494100174614,0.870458665813669,0.05887027141228507,-1.1801331667217152,0
0.48856278981662804,-2.257150014311104,0.632634532571436,-0.31466107024057877,-1.4603571136932219,0
0.163574640184928,-2.498092430474869,0.10260726007278032,-0.4331472161151231,-1.8573026310765364,0
-0.15271736448300455,-2.505330938286811,-0.2546482465783635,-0.4615309312792162,-2.0941529253864903,0
-0.5288282986604657,-2.538696979226746,-0.5623725672253037,-0.5078473813019353,-2.6529018254639447,0
-0.8637091714495049,-1.960836974996731,-0.8050121018447973,0.15196528852532865,-2.850534068990137,0
-1.1835049516364733,-1.532683058624168,-1.1870770733893374,0.5534215626826287,-3.0660046333739737,0
-1.28430039451335,-1.169339404267919,-1.3912570612671984,0.793531164305268,-3.251662791517813,0
-1.313390757552693,-0.3446881134794082,-1.547803002971385,1.5947092899640891,-3.4601643314836408,0
-1.4665589306166904,-0.013618479936984493,-1.4818240143092094,2.0742232650530874,-3.367415199259982,0
-1.441073027058969,0.7698087473387307,-1.3330826388756483,2.679177943804457,-3.49796104098574,0
-1.2098113665859227,1.3056660699612455,-1.2139408800709863,3.338961779780635,-3.307860139822705,0
-1.0672556066494805,1.657774719952846,-0.9745718598177865,4.040880097365783,-3.0672546165075913,0
-0.7788572870052787,2.214479526619669,-0.7381535967718362,4.323011395294905,-2.703335159190151,0
-0.37057417467622256,2.6342791718518157,-0.4152830326920445,4.497110572613074,-2.531579726897932,0
-0.19370974747273703,2.5084542787583652,0.05079344373123659,4.356174295530744,-1.928860030836307,0
0.2864885534734086,2.363580183557935,0.3706415000747487,4.740764080165489,-1.5346194627622411,0
0.6965333719585135,2.246644719720365,0.7096098934736232,4.29998308081724,-1.298983478719065,0
0.9253164945319718,1.835636567986896,1.0941887055733215,3.5288168910641127,-0.8788145708324011,0
1.189043655611113,1.3430372539006787,1.251657829377568,3.3895012793485524,-0.6904763968686984,0
1.3938286491333858,0.7193497093409068,1.363751554988846,2.711455646447577,-0.6466808236316695,0
1.3738176956276114,0.33472324373484824,1.5652292297922294,2.208224093316911,-0.5547871216518647,0
1.4429754913735429,-0.4114078660292382,1.4794848678755703,1.5816267593868545,-0.5646159825481738,0
1.3170953163590515,-1.1305320612796694,1.2794633779103628,0.8207368865285036,-0.6181029405906147,0
1.157675254792553,-1.607060453969358,1.0723019220483057,0.6346757446667235,-0.7736860910871162,0
0.9682416807257368,-2.115150823962907,0.8888337691257004,0.002430591740029797,-1.0679215955244297,0
0.5651246602639758,-2.4004776084808195,0.7274925536378816,-0.20677272640683153,-1.4943338397154158,0
0.18957950194708564,-2.560377468809975,0.15853830508046524,-0.3113588076926743,-1.8035364271562733,0
-0.1805407660691552,-2.6220757025014723,-0.213220389777877,-0.5725564530301925,-2.2339901362937877,0
-0.5351323708929523,-2.227281594249621,-0.4379039892057579,-0.43841227532143057,-2.433516527763348,0
-0.9579332770844408,-2.0589226688464985,-0.8859739684229967,0.11769593266860023,-2.910510735633778,0
-1.1643780135215045,-1.5242940270808558,-1.264404878907294,0.5805447047229051,-3.1608229890575945,0
-1.3340842355612987,-1.1482139661285389,-1.4752003126401576,0.763424449738481,-3.378496329385644,0
-1.5762378747837649,-0.47599859826333296,-1.3814310780589745,1.7829521118054172,-3.5633947221658526,0
-1.4321161234312163,0.06809622422444775,-1.447063501973641,2.127538384531605,-3.5029676934482,0
-1.3454815718583635,0.8625010072545486,-1.3646253463103883,2.85901555200143,-3.3649442989402782,0
-1.313845087386712,1.3085145741094006,-1.270823630131411,3.4101155135856214,-3.2792981586446293,0
-1.0449209932520127,1.7310623703096104,-1.0813240608417398,3.7010037785743677,-3.1506479634410325,0
-0.7884947868633079,1.9855537965084546,-0.7389177448318649,4.082760682741275,-2.7382774359146302,0
-0.32058129447819594,2.4559162214891743,-0.362832489444204,4.161008860409712,-2.426355860954861,0
-0.07959167155842407,2.4114518684577364,-0.06287333667738346,4.356106233046679,-1.9960739859635377,0
0.356349054979059,2.4194855006814553,0.41514357396361246,4.236148407728752,-1.5545631940800377,0
0.6582115180670105,2.1293004366079558,0.6281607984926068,4.195790514580933,-1.3298851247636052,0
1.0306422296689046,1.9416952661658358,1.001863751549916,3.99359683764375,-0.9848424069759656,0
1.1319246928912992,1.4075850814922277,1.2511912978172905,3.3361738711141675,-0.7300310054954253,0
1.5260693976201667,0.8284439968691754,1.3747582884545868,2.814899256210164,-0.6804908814599231,0
1.4246946108269378,0.07996115840783816,1.331627191015921,2.2542267417442643,-0.4764898708382699,0
1.4779229773267488,-0.41016703102057955,1.507021100901372,1.6165103936631842,-0.5486310207110017,0
1.3413013503412552,-0.8500942778281793,1.3005592716660084,0.8873228335733778,-0.714482821082882,0
1.098611275769483,-1.697583228640509,1.2551979611129982,0.22352189302406122,-0.9451631308734887,0
0.8150943681910163,-2.0010000935337175,0.8560292076124076,-0.0762681746924474,-1.1215094797958056,0
0.6224167197934358,-2.530593336522781,0.5115848598946597,-0.31657129531265094,-1.3862755161935143,0
0.1485768058637752,-2.3054664917705106,0.19486399635483642,-0.5892424048825537,-1.7751755117013512,0
-0.16766208649867048,-2.530025765610047,-0.10899186919918519,-0.43504166444856107,-2.2763530245877357,0
-0.6122990954316245,-2.226618854615362,-0.5944424037609092,-0.3610302267133769,-2.5777677697422474,0
-0.9302164858272984,-2.2379460172769012,-0.8055725513264831,0.055185205001500925,-2.8472768689854977,0
-1.120351327907113,-1.3688675509809511,-1.0477470910873796,0.3060350911052079,-3.066309215784046,0
-1.2874599414906973,-1.1090571699158756,-1.282966367899835,0.8203058136736514,-3.2441694142003286,0
-1.4865796062675638,-0.4002461210305203,-1.3514485142686181,1.7533037557487183,-3.4572361322599043,0
-1.6036840830154402,0.17582857461485707,-1.400091641066472,2.1605708285374936,-3.416325068377084,0
-1.2767380684614742,0.7406086376639271,-1.312968602400749,2.8416629671118403,-3.5315364722515867,0
-1.330733086370568,1.5502910252799578,-1.1461674142968292,3.202264205836026,-3.2283451830569136,0
-1.1424397138684066,1.6164157927577727,-1.0112154441707752,3.775263511618279,-2.9073887308429187,0
-0.528048667069932,2.228105907608687,-0.7548223036204582,4.276037885460639,-2.7257387122583676,0
-0.4033372527860926,2.535288611850328,-0.5427031033905577,4.617159885277342,-2.2698392123029185,0
-0.1096299516195762,2.496267984795454,-0.09920498396410528,4.409439365650057,-1.8983296903602793,0
0.3217768482381368,2.4066865547757517,0.3394136208103783,4.321093226391705,-1.580065780855803,0
0.750196378354265,2.1729307361004553,0.6940003796095524,4.187933082566595,-1.1517068571097602,0
1.0410940257125798,1.668967016002226,1.0153610741378778,3.631872174834919,-0.9949440509347562,0
1.2026121984590146,1.3443329104593291,1.1914348514843773,3.335800324137759,-0.7506827678786716,0
1.5632890444523264,0.8366321763714226,1.306901453584631,2.7644514378604486,-0.45906674324729924,0
1.4579216167929054,0.16555120225833853,1.487273355157404,2.2475699426144136,-0.47377029430797046,0
1.38457938181216,-0.5024877991075051,1.459224531432142,1.7083729313717515,-0.6197899468184522,0
1.4292925835835735,-1.1256638567093284,1.296674025582784,1.0067823108123113,-0.6407269980665271,0
1.2554495776541401,-1.6284720580315613,1.1001084520398852,0.4991339069981966,-0.620731922954437,0
0.8203658961174862,-1.8653244587503717,0.8111661340482726,-0.01600761704558895,-1.2959823805087836,0
0.4470857820490435,-2.585270587148213,0.5224475486007679,-0.36940928678016505,-1.3486486091079481,0
0.26528272040262313,-2.4752778212177233,0.12377713832180892,-0.7297838619307906,-1.8501507935448376,0
-0.34154912132582615,-2.5212561179482416,-0.09350920048270284,-0.5910643556830166,-2.14836694294777,0
-0.6441834534817625,-2.1424652207410237,-0.5341120741236323,-0.297282879133963,-2.4902955748522335,0
-0.8091194171849571,-2.015605957756875,-0.9546017222907135,-0.22824170141109956,-2.98281024851772,0
-1.159921305265387,-1.4079442745341817,-1.176803447773767,0.4368012534762329,-3.2726291749263767,0
-1.377035879843487,-1.329934481168355,-1.4457619991753745,0.8854474323038459,-3.4224804893913983,0
-1.4469696306059607,-0.41100517335999986,-1.3975182539549302,1.403851731963032,-3.480768751060336,0
-1.5084981744083121,0.19198353132801,-1.3932260882988452,2.0982232592414247,-3.623227678786887,0
-1.5239862786049532,0.9463592318216569,-1.3326846257362441,2.8636401760951147,-3.377365307553692,0
-1.1707862373025555,1.1343984113446208,-1.3523438355962145,3.450254626149934,-3.2220745119808596,0
-0.9274446049265038,1.8030420925387665,-1.0336656853724782,3.580293892622402,-3.0044455274989392,0
-0.7072305688692248,2.1990242328329717,-0.7527483118160404,4.172081198591076,-2.7057716616772796,0
-0.36964977958986156,2.359483466003435,-0.3308838478036986,4.535693485107025,-2.471950673960243,0
0.17547186045150143,2.652072214217868,-0.07559323524629528,4.46776314254883,-2.0236928326870016,0
0.3523023673711101,2.3791226296408965,0.32234295369722166,4.435059811685848,-1.6238393556357944,0
0.703162237515051,2.4451120181122747,0.6916392340262184,4.003840340702097,-1.219355683819541,0
1.0541567525860795,1.9541938071708806,1.0383172940779737,3.762417361451228,-0.9633557131891586,0
1.3768410349637146,1.4584211995729226,1.3185515413633808,3.5681639161209757,-0.6084711703624341,0
1.546042581024044,0.8424548586112169,1.4019301974874872,2.6740339816229377,-0.5265816766134848,0
1.477647145266651,0.024014349945045317,1.5468374733068757,1.9768972559237366,-0.4988678035047167,0
1.4965557195399835,-0.5223403286531616,1.5350866028528178,1.5502306833554838,-0.49263916754919057,0
1.253884318669214,-0.9928543080555636,1.341249435933633,1.0341304377205018,-0.5216496928695284,0
1.1323716560699686,-1.5088653451732583,1.0623455041987646,0.5556663369564339,-0.9287431999889557,0
0.8186560987777469,-1.8591445053022293,0.7938386032811344,-0.08725781620304529,-1.145328430454128,0
0.4766744476045584,-2.3828713409238897,0.5965663521633497,-0.29663176764206156,-1.4740399978063148,0
0.3141181040664921,-2.5878059264017805,0.1522830176228423,-0.4122423935005233,-1.8623070383734008,0
-0.2474213499819501,-2.3728987291879964,-0.3164470495476734,-0.39913543730691137,-2.2597433510075864,0
-0.592057272127885,-2.4256445367256365,-0.5062154014133008,-0.3928415577218156,-2.5073413885769424,0
-0.8542392193449686,-1.913378506428539,-0.8719612893977665,0.1915481304246216,-2.915935957974699,0
-1.0584329691406684,-1.4435929523198376,-1.2612173952493841,0.32052789780944124,-3.1099376682223188,0
-1.321156944219877,-1.0074290994342627,-1.2687840801088413,1.0240357909239972,-3.3917746074034207,0
-1.2664792425414146,-0.5131506654603846,-1.410683177056202,1.5288078090174995,-3.5680823168787663,0
-1.5026401910112421,0.16211157709130203,-1.4866341987956426,2.083573978320252,-3.407186547044538,0
-1.4071810414255004,0.8467257258877683,-1.5221587270228127,2.6921860735670426,-3.2917038682981827,0
-1.2458218377042098,1.340840177286523,-1.3716666782194102,3.2662736235824843,-3.2496409741074954,0
-0.9191919548838208,2.0972086108873804,-1.0498507954061154,3.7665626854219068,-2.987589259470218,0
-0.6845875898193416,2.0669328337812747,-0.8511741653688345,4.063406000190179,-2.592372982859944,0
-0.3817520582762885,2.296124329400367,-0.3426538102584159,4.508634115723062,-2.334885819127535,0
-0.07106164461800861,2.3778880766580843,-0.1058117485035179,4.412060585547472,-1.9126220865289916,0
0.3913680899444303,2.347760412503415,0.3854032854414103,4.344580296734005,-1.5734811455127469,0
0.8277313734994725,1.918400260085293,0.7010206521980711,4.2518530240106855,-1.1783712210567387,0
0.9960420243687089,1.7437152651859809,1.0802045540003276,3.8089263256617976,-0.9498461348090916,0
1.3061626596342655,1.2579063997065072,1.1961458186084104,3.1618290330376295,-0.7110881832813196,0
1.4450458585940993,0.7823567390841123,1.4471144831570903,2.6555412986193065,-0.527764773106765,0
1.5618040670210083,0.2092013717239819,1.3924270781798114,2.1324066432705977,-0.6041758840483307,0
1.4130743455451902,-0.6234803285153052,1.5330970924757361,1.4596732338647325,-0.5920678493132656,0
1.5332391059885073,-0.951941448567222,1.3486184462282034,1.029362088243899,-0.54068128285892,0
1.0598327811365584,-1.368279695647918,1.1929586643360852,0.31088977200441237,-0.737681028769029,0
0.8542615466897336,-2.048578123824271,0.7826384774265842,-0.14343336981779808,-1.0860440592917007,0
0.6225437695949356,-2.1276448100361853,0.5896181497023947,-0.45075949081795974,-1.5192125467669797,0
0.21025483828349084,-2.4554130664855514,0.21096510506921046,-0.4294545974164947,-1.7217925601074973,0
-0.1257508884153744,-2.2316952634617704,-0.16072250839295488,-0.41985278752547783,-2.1820053804702333,0
-0.5893945040757276,-2.1847807815095925,-0.5287392818009865,-0.5334967881669761,-2.639956415430489,0
-0.8872882521397669,-2.218030565292301,-0.8961876696480174,0.05521691362743231,-2.83521216661979,0
-1.1548524653907826,-1.5912315530390346,-1.0626724226399946,0.5140616844402892,-3.0888331888219436,0
-1.2395461076088514,-0.9326576070496193,-1.368932927631472,0.7241770508612397,-3.291531971239653,0
-1.4216486992643065,-0.4646349638342159,-1.5288685661223473,1.445242784865587,-3.496649444506569,0
-1.4372896845150551,0.15236585746770084,-1.5014445571450756,2.3355878518680813,-3.536010410575044,0
-1.4759292313829877,0.9312630797266677,-1.497873620351068,2.8983051991905358,-3.524600147653005,0
-1.1938256903607798,1.2508352146792656,-1.301291620002822,3.342666069853909,-3.152521974263969,0
-1.0099020341253706,1.8246110202133092,-1.040114155107236,3.885077743089711,-3.010856054856263,0
-0.6184446124767091,2.2312199206858163,-0.7510970702009931,4.454769153062186,-2.6051431700859085,0
-0.22198031912839852,2.3797340327773817,-0.35808005028687223,4.484307524503155,-2.392452735816489,0
-0.023007433202007696,2.497483862015308,0.14593210434799217,4.347398892322639,-1.8716383259074862,0
0.34256209596393816,2.5183358107245835,0.4158560687357769,4.5920752777716665,-1.7635263841870825,0
0.6578271368199069,2.2448714027971475,0.8030530596991915,4.081899338781571,-1.2651074000838136,0
1.0160521955143327,1.7213318770560497,0.989042451090439,3.946659348034471,-1.0341631178194304,0
1.2378399795817487,1.2015514892225712,1.2224656666151412,3.42160082006709,-0.7789097052196283,0
1.453547604410565,0.6739047134052425,1.3982214209257648,2.883731680063044,-0.6729795109160173,0
1.4861975813723776,0.15713235579683632,1.5610067749375736,2.34959292074942,-0.551272778469952,0
1.4463109300344072,-0.48844575993398115,1.3123219902257113,1.3483074224721552,-0.3834028662665805,0
1.4370844639086178,-1.1684429155648228,1.2797532205521764,0.926853201719968,-0.6850253195285909,0
1.0854288468273126,-1.6683287809363103,1.1634450526762379,0.6496962134464852,-0.7630446942878095,0
0.914160974925029,-2.2125473965864146,0.8648709509089585,0.09950523212758666,-1.2647154336838509,0
0.5217411994878663,-2.2722095018184723,0.699766555187731,-0.3022964225529736,-1.2647219590242575,0
0.24232748821166944,-2.485289093955156,0.22157609152712135,-0.6081833945398207,-1.8132965310936242,0
-0.08410523434230005,-2.637760171211851,-0.23766420861125342,-0.4669466916671974,-2.119578698278596,0
-0.5749191980338504,-2.3208636516971373,-0.670507359167496,-0.43842637703861165,-2.4592124417241203,0
-0.8486004103932289,-1.854714734623568,-0.9072198810590548,-0.20608835549541515,-2.924680433481255,0
-1.142360399233712,-1.6860519559923484,-1.2535113703645813,0.4784998635106279,-3.1239031526485377,0
-1.4171972586647628,-0.9000560206975563,-1.3222342799176476,0.9437149717546156,-3.377585079841425,0
-1.4553718128623918,-0.5088854705247041,-1.4613479019249112,1.434857613190635,-3.524698441959925,0
-1.4753560547464966,0.1817048198045139,-1.4730376977354527,2.2063448224435613,-3.6123479133851717,0
-1.395619462909262,0.7847613362401693,-1.2706465245830971,2.7095562499638772,-3.4341878565383785,0
-1.2813718055145067,1.5147574144481988,-1.3345518368595255,3.5620118729734656,-3.2104919594466517,0
-1.0197562363697623,1.842225799401735,-1.0412509744777165,3.818600013007299,-2.9571320231304727,0
-0.8087013320157799,2.048029022709204,-0.8135691919892128,4.387902726668447,-2.705424160579373,0
-0.399893386408263,2.25758660651643,-0.37907971945853314,4.3198576402167195,-2.3419543899935005,0
